UID,Yr,NRows,Mean_ForStrat_ground,Mean_ForStrat_understory,Mean_ForStrat_midhigh,Mean_ForStrat_canopy,Mean_ForStrat_aerial,Air,Air_sallier,Bark,Canopy,Ground,Nectar,Raptor,Shrub,Water,Aquatic,Cavities,DeciduousMCF,Forest,Generalist,Lowlands,Lowlands_Cliffs,Mixed_conifer_forest,Mountain_scrub,Oaks,Openings,Pines,PinyonJuniper,Riparian,Urban,Grassland,HumanModified,Rock,Shrubland,Wetland,Woodland,skyIs,lat,lon,fireYear,dnbr,sampleYr1,sampleYr2,lastSampleYear,elapsedYrs,median_10yrsPrior,min_firePlus3,median_05yrsPostMin,median_10yrsPostMin,phix05,rfvc10,Country,isl_map,isl_field,transect,point,year.sampled,PC1,PC2,Com_Cl,Com_Des,unique_id,focal.yrs.max,focal.count.max,div.years,div.count,years.since,fire1.focalvar.dnbr,fire1.focalmean.dnbr,fire2.focalvar.dnbr,fire2.focalmean.dnbr,fire3.focalvar.dnbr,fire3.focalmean.dnbr,history.class,pines_beta,shrub_beta,forest_beta,Com_DesUO
Azul_3_6_2010,2010,1,20,18.33333333,40,21.66666667,0,0,0,0,0.75,0,0,0.083333333,0.166666667,0,0,0,0,0.166666667,0,0,0,0,0.083333333,0.416666667,0,0.333333333,0,0,0,0,0,0,0,0,0.083333333,SAN ANTONIO - AZUL,30.744,-110.5716,2005,138.9219055,2010,NA,2010,5,52.921875,27.67709351,40.30209351,55.89584351,0.500103358,1.117805278,Mexico,SAN ANTONIO - AZUL,Azul,3,6,2010,0.530517252,0.324858469,PF,Pine forest,Azul_3_6,2005,1,1,1,5,6780.456369,-57.64517014,NA,NA,NA,NA,1,0.333333333,0.166666667,0.166666667,Pine forest
Azul_5_1_2010,2010,1,15,27.16666667,33.83333333,23.83333333,0,0,0.166666667,0.166666667,0.583333333,0.083333333,0,0,0,0,0,0,0,0.416666667,0,0,0,0,0,0.5,0,0.083333333,0,0,0,0,0,0,0,0,0,SAN ANTONIO - AZUL,30.7464,-110.5706,2005,165.8558807,2010,NA,2010,5,75.17707825,58.71875,68.5,72.51042175,0.594303981,0.837975252,Mexico,SAN ANTONIO - AZUL,Azul,5,1,2010,0.530517252,0.324858469,POW,Pine oak woodland,Azul_5_1,2005,1,1,1,5,10778.03257,-77.53602486,NA,NA,NA,NA,1,0.083333333,0.01,0.416666667,Pine oak woodland
Azul_5_2_2010,2010,1,21.76470588,37.82352941,21.94117647,13.11764706,5.294117647,0.058823529,0.117647059,0,0.588235294,0,0,0,0.235294118,0,0,0,0,0.176470588,0.058823529,0,0,0,0.176470588,0.470588235,0.058823529,0.058823529,0,0,0,0,0,0.058823529,0.058823529,0,0,SAN ANTONIO - AZUL,30.7447,-110.5704,2005,-39.30324173,2010,NA,2010,5,63.38541412,45.54167175,63.03125,64.06249237,0.980151915,1.037944857,Mexico,SAN ANTONIO - AZUL,Azul,5,2,2010,0.530517252,0.324858469,POW,Pine oak woodland,Azul_5_2,2005,1,1,1,5,8731.114711,-102.9474853,NA,NA,NA,NA,1,0.058823529,0.235294118,0.176470588,Pine oak woodland
Azul_5_3_2010,2010,1,22.14285714,24.28571429,35.71428571,15.71428571,2.142857143,0,0.142857143,0.071428571,0.642857143,0.071428571,0,0,0.071428571,0,0,0,0,0.285714286,0,0,0.071428571,0.071428571,0.071428571,0.285714286,0,0.214285714,0,0,0,0,0,0.071428571,0,0,0,SAN ANTONIO - AZUL,30.7435,-110.5696,2005,7.315680981,2010,NA,2010,5,69.44270325,35.83334351,46.57290649,47.86457825,0.319540838,0.357972744,Mexico,SAN ANTONIO - AZUL,Azul,5,3,2010,0.530517252,0.324858469,PF,Pine forest,Azul_5_3,2005,1,1,1,5,5826.47058,-83.27606593,NA,NA,NA,NA,1,0.214285714,0.071428571,0.285714286,Pine forest
Azul_5_4_2010,2010,1,17,37.3,32.3,13.3,0,0,0.1,0.1,0.7,0,0,0,0.1,0,0,0,0,0.2,0,0,0,0,0.1,0.7,0,0,0,0,0,0,0,0,0,0,0,SAN ANTONIO - AZUL,30.7482,-110.5704,2005,6.620528698,2010,NA,2010,5,78.36458588,62.58332825,66.94790649,88.11978149,0.276567201,1.618150711,Mexico,SAN ANTONIO - AZUL,Azul,5,4,2010,0.530517252,0.324858469,POW,Pine oak woodland,Azul_5_4,2005,1,1,1,5,5656.029167,-78.37090733,NA,NA,NA,NA,1,0.01,0.1,0.2,Pine oak woodland
Azul_6_6_2010,2010,1,39.16666667,23.58333333,16.08333333,13.58333333,7.5,0.083333333,0,0.083333333,0.333333333,0.25,0,0,0.25,0,0,0,0,0.166666667,0.083333333,0,0.083333333,0,0.166666667,0.416666667,0.083333333,0,0,0,0,0,0,0.166666667,0.25,0,0,SAN ANTONIO - AZUL,30.7442,-110.5664,2005,100.2247009,2010,NA,2010,5,49.05209351,-8.541671753,18.40623474,24.39582825,0.467896245,0.5718935,Mexico,SAN ANTONIO - AZUL,Azul,6,6,2010,0.530517252,0.324858469,POW,Pine oak woodland,Azul_6_6,2005,1,1,1,5,9549.464683,-71.01866417,NA,NA,NA,NA,1,0.01,0.25,0.166666667,Pine oak woodland
Chiricahua_A_1_2014,2014,4,8.933712121,28.89128788,45.32689394,15.51628788,1.306818182,0,0.232765152,0.068560606,0.546780303,0.052083333,0.05625,0,0.043560606,0,0,0,0.03125,0.486363636,0,0,0,0.068560606,0.043560606,0.160227273,0,0.210037879,0,0,0,0,0,0,0.052083333,0,0,DOS CABEZAS - CHIRACAHUA,31.8464,-109.325,2011,226,2014,1996,2014,3,59.04167175,6.958328247,26.55209351,29.67708588,0.376200219,0.43620006099999997,United States,DOS CABEZAS - CHIRACAHUA,Chiricahua,A,1,2014,0.660057176,0.358825995,POW,Pine oak woodland,CM_A_1,2011,1,1,1,3,3288.156513,39.9653893,NA,NA,NA,NA,1,0.210037879,0.043560606,0.486363636,Pine oak woodland
Chiricahua_A_2_2014,2014,4,29.94047619,42.38690476,18.53571429,8.511904762,0.625,0,0.020833333,0,0.523809524,0.313095238,0.056547619,0,0.085714286,0,0,0,0.020833333,0.361309524,0.05,0,0,0.098214286,0.085714286,0.135714286,0,0.248214286,0,0,0,0,0,0,0.292261905,0,0,DOS CABEZAS - CHIRACAHUA,31.8438,-109.32470000000001,2011,80,2014,1996,2014,3,66.90624237,57.86457825,63.10417175,63.30208588,0.579494376,0.601383501,United States,DOS CABEZAS - CHIRACAHUA,Chiricahua,A,2,2014,0.660057176,0.358825995,OW,Oak woodland,CM_A_2,2011,1,1,1,3,5718.106832,49.21364541,NA,NA,NA,NA,1,0.248214286,0.085714286,0.361309524,Oak woodland
Chiricahua_A_4_2014,2014,4,15,24.04761905,41.07142857,14.88095238,5,0,0,0.035714286,0.845238095,0,0.119047619,0,0,0,0,0,0.083333333,0.321428571,0,0,0,0.273809524,0,0.083333333,0,0.238095238,0,0,0,0,0,0,0,0,0,DOS CABEZAS - CHIRACAHUA,31.8399,-109.3243,2011,138,2014,1996,2014,3,33.58333588,1.166656494,24.23957825,28.62500763,0.711760803,0.847043919,United States,DOS CABEZAS - CHIRACAHUA,Chiricahua,A,4,2014,0.706649429,0.300416238,PF,Pine forest,CM_A_4,2011,1,1,1,3,5198.577363,114.6140591,NA,NA,NA,NA,1,0.238095238,0.01,0.321428571,Pine forest
Chiricahua_A_5_2014,2014,4,28.33333333,31.04166667,21.45833333,17.29166667,1.875,0,0,0.041666667,0.5625,0.270833333,0.0625,0,0.0625,0,0,0,0,0.166666667,0,0,0,0.166666667,0.0625,0.166666667,0,0.4375,0,0,0,0,0,0,0.104166667,0,0,DOS CABEZAS - CHIRACAHUA,31.8376,-109.3241,2011,168.536087,2014,1996,2014,3,27.01042175,-12.80209351,5.8125,7.536460876,0.46755633,0.510858313,United States,DOS CABEZAS - CHIRACAHUA,Chiricahua,A,5,2014,0.706649429,0.300416238,PF,Pine forest,CM_A_5,2011,1,1,1,3,12788.36129,237.5820292,NA,NA,NA,NA,3,0.4375,0.0625,0.166666667,Pine forest
Chiricahua_A_6_2014,2014,4,19.375,34.89642857,23.43214286,19.23571429,3,0,0,0.121428571,0.569642857,0.258928571,0.05,0,0,0,0,0,0,0.294642857,0,0,0,0.125,0,0.198214286,0,0.382142857,0,0,0,0,0,0,0.123214286,0,0,DOS CABEZAS - CHIRACAHUA,31.8352,-109.3239,2011,523.5663452,2014,1996,2014,3,64.21354675,-18.04167175,8.947906494,10.21353912,0.328119951,0.343506605,United States,DOS CABEZAS - CHIRACAHUA,Chiricahua,A,6,2014,0.706649429,0.300416238,MCF,Mixed conifer forest,CM_A_6,2011,2,1,2,3,2149.475529,-38.42072647,27666.36575,285.3261922,NA,NA,4,0.382142857,0.01,0.294642857,Mixed conifer forest
Chiricahua_A_8_2014,2014,4,10.25,46.65,31.15,11.9,0,0,0.25,0.175,0.525,0.05,0,0,0,0,0,0.075,0,0.4,0,0,0,0.15,0,0.025,0,0.35,0,0,0,0,0,0,0.025,0,0,DOS CABEZAS - CHIRACAHUA,31.8375,-109.321,2011,218,2014,1996,2014,3,61.12499237,6.041671753,22.82292175,25.11980438,0.304652113,0.346350445,United States,DOS CABEZAS - CHIRACAHUA,Chiricahua,A,8,2014,0.706649429,0.300416238,PF,Pine forest,CM_A_8,2011,2,1,2,3,1760.293507,-18.48214206,7174.611982,256.9667624,NA,NA,5,0.35,0.01,0.4,Pine forest
Chiricahua_A_9_2014,2014,4,21.05555556,24.77777778,33.02777778,13.36111111,7.75,0,0.027777778,0.077777778,0.555555556,0.283333333,0,0.027777778,0.027777778,0,0,0,0.2,0.233333333,0,0,0,0.305555556,0.027777778,0.027777778,0,0.205555556,0,0,0,0,0,0,0.127777778,0,0.027777778,DOS CABEZAS - CHIRACAHUA,31.8401,-109.321,2011,335.8775024,2014,1996,2014,3,70.22915649,15.57292175,45.72915649,54.734375,0.551743728,0.716504776,United States,DOS CABEZAS - CHIRACAHUA,Chiricahua,A,9,2014,0.706649429,0.300416238,PF,Pine forest,CM_A_9,2011,1,1,1,3,4569.245589,219.0402007,NA,NA,NA,NA,1,0.205555556,0.027777778,0.233333333,Pine forest
Chiricahua_A_10_2014,2014,4,15.85714286,20.38392857,43.83035714,15.69642857,4.232142857,0,0.074107143,0.146428571,0.597321429,0.139285714,0,0.042857143,0,0,0,0,0.200892857,0.213392857,0.042857143,0,0,0.215178571,0,0.053571429,0,0.274107143,0,0,0,0,0.042857143,0,0.096428571,0,0,DOS CABEZAS - CHIRACAHUA,31.8422,-109.3211,2011,194.4263611,2014,1996,2014,3,68.89061737,34.66667175,45.625,43.29167175,0.320194766,0.252016529,United States,DOS CABEZAS - CHIRACAHUA,Chiricahua,A,10,2014,0.706649429,0.300416238,MCF,Mixed conifer forest,CM_A_10,2011,1,1,1,3,5992.855859,135.6129124,NA,NA,NA,NA,1,0.274107143,0.01,0.213392857,Mixed conifer forest
Chiricahua_A_11_2014,2014,4,21.47113095,41.53092532,25.06306818,9.051623377,2.7375,0,0.199729437,0.016666667,0.360930736,0.268777056,0.075108225,0.039393939,0.039393939,0,0,0,0.016666667,0.420589827,0,0,0.016666667,0.114880952,0.039393939,0.23146645,0,0.053977273,0,0.106358225,0,0,0,0.016666667,0.319074675,0,0.056060606,DOS CABEZAS - CHIRACAHUA,31.8443,-109.3215,2011,384,2014,1996,2014,3,38.85416412,-52.53123474,-30.69790649,-22.94270325,0.238914843,0.323777451,United States,DOS CABEZAS - CHIRACAHUA,Chiricahua,A,11,2014,0.660057176,0.358825995,MCF,Mixed conifer forest,CM_A_11,2011,1,1,1,3,14242.41855,235.4899707,NA,NA,NA,NA,3,0.053977273,0.039393939,0.420589827,Mixed conifer forest
Chiricahua_A_12_2014,2014,4,13.71732026,42.49795752,31.38276144,10.63316993,1.740196078,0,0.144812092,0.028594771,0.479575163,0.146650327,0.087622549,0,0.112745098,0,0,0,0.027777778,0.396446078,0.028594771,0,0.013888889,0.071895425,0.056372549,0.218545752,0,0.157883987,0,0.028594771,0,0,0,0.013888889,0.10498366,0,0.04248366,DOS CABEZAS - CHIRACAHUA,31.8467,-109.3216,2011,280,2014,1996,2014,3,32.390625,-14.86459351,-5.468765259,-5.234382629,0.198831548,0.203791479,United States,DOS CABEZAS - CHIRACAHUA,Chiricahua,A,12,2014,0.660057176,0.358825995,POW,Pine oak woodland,CM_A_12,2011,1,1,1,3,3630.12912,107.6740207,NA,NA,NA,NA,1,0.157883987,0.112745098,0.396446078,Pine oak woodland
Chiricahua_B_1_2015,2014,4,30.15714286,34.26785714,25.01785714,9.325,1.107142857,0.035714286,0.175,0.025,0.457142857,0.182142857,0,0,0.125,0,0,0,0,0.332142857,0.071428571,0,0,0.171428571,0.125,0.175,0,0.025,0,0.1,0,0,0,0,0.096428571,0,0.025,DOS CABEZAS - CHIRACAHUA,31.8623,-109.3344,2011,258,2015,1996,2015,4,38.84896851,8.874984741,26.26043701,21.55729675,0.580018072,0.423110659,United States,DOS CABEZAS - CHIRACAHUA,Chiricahua,B,1,2015,0.603467388,0.436513671,OW,Oak woodland,CM_B_1,2011,1,1,1,4,5778.208823,30.87931582,NA,NA,NA,NA,1,0.025,0.125,0.332142857,Oak woodland
Chiricahua_D_2_2015,2014,6,32.42513228,33.26613757,26.41693122,7.544708995,0.238095238,0.023809524,0.108994709,0.04047619,0.564550265,0.094179894,0,0,0.167989418,0,0,0,0,0.206613757,0.066137566,0.016666667,0,0.04047619,0.075661376,0.398412698,0.075661376,0.051851852,0,0.068518519,0,0,0.018518519,0,0.208465608,0,0.016666667,DOS CABEZAS - CHIRACAHUA,31.7871,-109.3187,2011,437,2015,1996,2015,4,46.32290649,-32.85415649,4.697921753,16.23957825,0.474279758,0.62004996,United States,DOS CABEZAS - CHIRACAHUA,Chiricahua,D,2,2015,0.582402046,0.435748001,POW,Pine oak woodland,CM_D_2,2011,2,1,2,4,2686.399624,71.44812722,5933.323997,240.763084,NA,NA,5,0.051851852,0.167989418,0.206613757,Pine oak woodland
Chiricahua_D_3_2015,2014,10,26.50606061,36.16452214,24.17501166,12.6697669,0.3,0,0.10967366,0.171829837,0.519358974,0.117878788,0,0,0.081258741,0,0,0,0,0.191829837,0.033566434,0.016783217,0,0.10455711,0.047692308,0.363275058,0,0.166188811,0,0.076107226,0,0,0,0,0.053298368,0,0.051748252,DOS CABEZAS - CHIRACAHUA,31.7899,-109.32,2011,617.0113525,2015,NA,2015,4,113.6145859,32.69791412,54.46875,73.57811737,0.269052538,0.505213603,United States,DOS CABEZAS - CHIRACAHUA,Chiricahua,D,3,2015,0.602546157,0.408763541,OW,Oak woodland,CM_D_3,2011,2,1,2,4,8280.853612,170.3618073,38190.10847,300.3684209,NA,NA,4,0.166188811,0.081258741,0.191829837,Oak woodland
Chiricahua_D_4_2015,2014,10,15.68120435,43.80672688,27.55534771,12.37429876,0.407692308,0,0.116921134,0.17009324,0.550720668,0.09215812,0.038803419,0.0125,0.018803419,0,0,0,0.007692308,0.320009713,0.081111111,0,0,0.069143357,0.007692308,0.25798951,0,0.193350816,0,0.063010878,0,0,0,0,0.053269231,0,0.011111111,DOS CABEZAS - CHIRACAHUA,31.7926,-109.3208,2011,148,2015,1996,2015,4,87.96875763,51.63540649,69.99998474,70.36457825,0.50544686,0.515481539,United States,DOS CABEZAS - CHIRACAHUA,Chiricahua,D,4,2015,0.602546157,0.408763541,POW,Pine oak woodland,CM_D_4,2011,1,1,1,4,12115.87649,54.67597532,NA,NA,NA,NA,3,0.193350816,0.018803419,0.320009713,Pine oak woodland
Chiricahua_D_7_2015,2014,6,20.15897066,32.4040404,31.37409812,15.30242905,0.555555556,0,0.158609909,0.19035594,0.480519481,0.011904762,0,0,0.158609909,0,0,0,0,0.200396825,0.018518519,0.027777778,0,0.044312169,0.131553632,0.289321789,0,0.202861953,0,0.085257335,0,0,0,0,0.03968254,0,0.027056277,DOS CABEZAS - CHIRACAHUA,31.7988,-109.3182,2011,443,2015,1996,2015,4,80.28125,3.114593506,36.92709351,40.34896851,0.438175004,0.482518962,United States,DOS CABEZAS - CHIRACAHUA,Chiricahua,D,7,2015,0.637593517,0.370135332,POW,Pine oak woodland,CM_D_7,2011,1,1,1,4,6745.501491,226.0186524,NA,NA,NA,NA,1,0.202861953,0.158609909,0.200396825,Pine oak woodland
Chiricahua_D_8_2015,2014,6,28.125,25,30.27777778,16.45833333,0,0,0.097222222,0.097222222,0.611111111,0.041666667,0,0,0.152777778,0,0,0,0,0.111111111,0.027777778,0,0,0,0.041666667,0.430555556,0.083333333,0.236111111,0,0.069444444,0,0,0,0,0.125,0,0.083333333,DOS CABEZAS - CHIRACAHUA,31.7961,-109.3181,2011,299,2015,NA,2015,4,40.09374237,-0.697921753,18.81248474,20.13020325,0.478293958,0.51059758,United States,DOS CABEZAS - CHIRACAHUA,Chiricahua,D,8,2015,0.637593517,0.370135332,OW,Oak woodland,CM_D_8,2011,1,1,1,4,6579.219477,-15.99884847,NA,NA,NA,NA,1,0.236111111,0.152777778,0.111111111,Oak woodland
Chiricahua_D_9_2015,2014,6,38.27222222,38.43888889,16.42962963,6.824074074,0,0,0.19537037,0.041666667,0.250925926,0.066666667,0,0.018518519,0.426851852,0,0,0,0,0.035185185,0.072222222,0.160185185,0,0,0.286111111,0.201851852,0.124074074,0.085185185,0,0.035185185,0,0,0,0,0.336111111,0,0.058333333,DOS CABEZAS - CHIRACAHUA,31.7925,-109.3181,2011,254,2015,1996,2015,4,40.52603912,16.19791412,32.07292175,31.76042938,0.652537244,0.639692342,United States,DOS CABEZAS - CHIRACAHUA,Chiricahua,D,9,2015,0.610338397,0.40245253,OW,Oak woodland,CM_D_9,2011,1,1,1,4,7129.094076,76.63046783,NA,NA,NA,NA,1,0.085185185,0.426851852,0.035185185,Oak woodland
Chiricahua_D_10_2015,2014,5,33.83030303,31.03484848,22.59545455,12.38636364,0,0,0.204545455,0,0.306060606,0.154545455,0,0,0.334848485,0,0,0,0,0.051515152,0.018181818,0.051515152,0,0,0.101515152,0.256060606,0.233333333,0.218181818,0,0.06969697,0,0,0,0,0.472727273,0,0,DOS CABEZAS - CHIRACAHUA,31.7908,-109.3174,2011,400,2015,NA,2015,4,29.38019562,-34.32292175,-9.083343506,-9.901046753,0.396206328,0.383370171,United States,DOS CABEZAS - CHIRACAHUA,Chiricahua,D,10,2015,0.610338397,0.40245253,OW,Oak woodland,CM_D_10,2011,1,1,1,4,650.0845674,157.8376288,NA,NA,NA,NA,2,0.218181818,0.334848485,0.051515152,Oak woodland
Chiricahua_D_11_2015,2014,6,36.74444444,28.81851852,25.82777778,8.074074074,0.5,0,0.053703704,0.069444444,0.40462963,0.018518519,0,0,0.453703704,0,0,0,0,0.055555556,0.068518519,0.018518519,0,0.033333333,0.176851852,0.201851852,0.225,0.185185185,0,0.035185185,0,0,0,0,0.262037037,0,0.051851852,DOS CABEZAS - CHIRACAHUA,31.7889,-109.3164,2011,430,2015,NA,2015,4,46.18228531,-18.01041412,8.40625,12.79167175,0.411521316,0.479837834,United States,DOS CABEZAS - CHIRACAHUA,Chiricahua,D,11,2015,0.610338397,0.40245253,OW,Oak woodland,CM_D_11,2011,1,1,1,4,1513.497054,188.8805074,NA,NA,NA,NA,2,0.185185185,0.453703704,0.055555556,Oak woodland
Chiricahua_D_12_2015,2014,6,54.23611111,31.06818182,13.4229798,1.257575758,0,0,0.140025253,0,0.13030303,0.142676768,0,0,0.586994949,0,0,0.055555556,0,0.078787879,0,0.069318182,0,0,0.27209596,0.209343434,0.31489899,0,0,0,0,0,0,0,0.526893939,0,0.055555556,DOS CABEZAS - CHIRACAHUA,31.787,-109.3161,2011,496,2015,NA,2015,4,55.22396088,-34.66667175,16.23959351,19.97395325,0.56631335,0.607856719,United States,DOS CABEZAS - CHIRACAHUA,Chiricahua,D,12,2015,0.582402046,0.435748001,OW,Oak woodland,CM_D_12,2011,1,1,1,4,6737.083544,229.8039182,NA,NA,NA,NA,1,0.01,0.586994949,0.078787879,Oak woodland
Chiricahua_E_2_2015,2014,2,29.1958042,38.16083916,18.1958042,14.27972028,0,0,0.167832168,0,0.374125874,0.083916084,0,0,0.374125874,0,0,0,0,0,0.206293706,0,0,0.038461538,0.251748252,0.41958042,0.038461538,0.045454545,0,0,0,0,0,0,0.122377622,0,0.083916084,DOS CABEZAS - CHIRACAHUA,31.8508,-109.1913,2011,393,2015,1996,2015,4,43.51564026,-5.84375,14.88542175,27.43228912,0.419964097,0.674158229,United States,DOS CABEZAS - CHIRACAHUA,Chiricahua,E,2,2015,0.610476339,0.440930228,PJ,Pinyon juniper woodland,CM_E_2,2011,1,1,1,4,5729.990344,212.8825383,NA,NA,NA,NA,1,0.045454545,0.374125874,0.01,Pinyon juniper woodland
Chiricahua_G_1_2014,2014,6,40.0952381,28.95238095,17.31349206,11.92857143,1.71031746,0.037698413,0.023809524,0,0.442063492,0.171428571,0,0,0.325,0,0,0,0.055555556,0.132539683,0.089285714,0,0,0.182142857,0.235714286,0.180952381,0.051587302,0.072222222,0,0,0,0,0.013888889,0,0.16468254,0,0.037698413,DOS CABEZAS - CHIRACAHUA,31.9341,-109.2714,2011,624,2014,1996,2014,3,52.16145325,-38.67707825,-9.739562988,0.583328247,0.318559919,0.432199925,United States,DOS CABEZAS - CHIRACAHUA,Chiricahua,G,1,2014,0.703420962,0.344163696,OW,Oak woodland,CM_G_1,2011,1,1,1,3,9204.641247,213.6890482,NA,NA,NA,NA,1,0.072222222,0.325,0.132539683,Oak woodland
Chiricahua_G_2_2014,2014,5,53.89285714,20.57142857,14.28571429,11.25,0,0,0,0,0.325,0.078571429,0,0,0.596428571,0,0,0,0,0.025,0,0,0,0.1,0.232142857,0.25,0.364285714,0.028571429,0,0,0,0,0,0,0.414285714,0,0,DOS CABEZAS - CHIRACAHUA,31.9352,-109.2698,2011,545,2014,1996,2014,3,21.60935974,-51.96875,-31.625,-28.79165649,0.276491882,0.31499985,United States,DOS CABEZAS - CHIRACAHUA,Chiricahua,G,2,2014,0.74160173,0.295101378,OW,Oak woodland,CM_G_2,2011,1,1,1,3,1082.384469,135.1944334,NA,NA,NA,NA,2,0.028571429,0.596428571,0.025,Oak woodland
Chiricahua_G_3_2014,2014,6,63.13888889,33.22222222,2.666666667,0.916666667,0,0,0.027777778,0.027777778,0,0.194444444,0,0,0.75,0,0,0,0,0.069444444,0,0,0,0,0.708333333,0.069444444,0.041666667,0.083333333,0,0.027777778,0,0,0,0,0.152777778,0,0,DOS CABEZAS - CHIRACAHUA,31.9358,-109.2687,2011,885,2014,1996,2014,3,58.54166412,-78.35417175,9.875,20.51563263,0.644498579,0.722226529,United States,DOS CABEZAS - CHIRACAHUA,Chiricahua,G,3,2014,0.74160173,0.295101378,POW,Pine oak woodland,CM_G_3,2011,1,1,1,3,7342.373575,489.3773933,NA,NA,NA,NA,1,0.083333333,0.75,0.069444444,Pine oak woodland
Chiricahua_G_4_2014,2014,6,38.57619048,36.78452381,16.63571429,7.785714286,0,0,0.152380952,0.082142857,0.116071429,0.225,0.011904762,0,0.4125,0,0,0,0,0.199404762,0.023809524,0,0.020833333,0,0.273809524,0.083333333,0.041666667,0.119642857,0,0.2375,0,0,0,0.020833333,0.281547619,0,0.011904762,DOS CABEZAS - CHIRACAHUA,31.9367,-109.2659,2011,647,2014,1996,2014,3,53.80728912,-46.86457825,-12.42707825,2.364593506,0.342076698,0.489006244,United States,DOS CABEZAS - CHIRACAHUA,Chiricahua,G,4,2014,0.728138442,0.309576756,OW,Oak woodland,CM_G_4,2011,1,1,1,3,1907.974855,452.7164888,NA,NA,NA,NA,2,0.119642857,0.4125,0.199404762,Oak woodland
Chiricahua_G_5_2014,2014,6,39.9040404,41.47474747,15.86700337,2.739057239,0,0,0.048821549,0.119191919,0.052188552,0.334848485,0.102525253,0,0.342424242,0,0,0,0,0.393434343,0,0,0,0,0.221380471,0.052188552,0.035185185,0.196801347,0,0.101010101,0,0,0,0,0.343097643,0,0,DOS CABEZAS - CHIRACAHUA,31.9371,-109.2636,2011,845,2014,1996,2014,3,55.26042175,-79.125,-23.77082825,-14.66665649,0.411906076,0.479652798,United States,DOS CABEZAS - CHIRACAHUA,Chiricahua,G,5,2014,0.728138442,0.309576756,POW,Pine oak woodland,CM_G_5,2011,1,1,1,3,7845.489155,489.4381225,NA,NA,NA,NA,1,0.196801347,0.342424242,0.393434343,Pine oak woodland
Chiricahua_G_6_2014,2014,6,31.05725108,42.85595238,19.74303752,6.190836941,0,0,0.222438672,0.011904762,0.141414141,0.415295815,0,0,0.208946609,0,0,0,0,0.306168831,0.061904762,0,0.011904762,0,0.119516595,0.128860029,0.045707071,0.173015873,0,0.152922078,0,0,0.045238095,0.011904762,0.35036075,0,0.016666667,DOS CABEZAS - CHIRACAHUA,31.9382,-109.2612,2011,754,2014,1996,2014,3,53.81770325,-54.53125,-40.40623474,-33.38020325,0.13036596,0.195212285,United States,DOS CABEZAS - CHIRACAHUA,Chiricahua,G,6,2014,0.728138442,0.309576756,OW,Oak woodland,CM_G_6,2011,1,1,1,3,4764.996771,428.756255,NA,NA,NA,NA,1,0.173015873,0.208946609,0.306168831,Oak woodland
Chiricahua_G_7_2014,2014,8,33.80438763,40.07452652,18.95710227,6.629356061,0.364583333,0,0.202241162,0.023863636,0.147032828,0.293465909,0.036458333,0,0.296938131,0,0,0,0,0.202935606,0.059974747,0.03219697,0,0,0.189741162,0.231155303,0.013888889,0.162563131,0,0.107544192,0,0,0.013888889,0,0.234785354,0,0.080808081,DOS CABEZAS - CHIRACAHUA,31.9413,-109.2639,2011,712,2014,1996,2014,3,18.27604675,-73.60417175,-53.77082825,-47.91665649,0.215860866,0.279576123,United States,DOS CABEZAS - CHIRACAHUA,Chiricahua,G,7,2014,0.728138442,0.309576756,OW,Oak woodland,CM_G_7,2011,1,1,1,3,14618.46319,326.4195526,NA,NA,NA,NA,3,0.162563131,0.296938131,0.202935606,Oak woodland
Chiricahua_G_8_2014,2014,8,40.42237103,37.85551948,12.66770382,8.453846501,0.416666667,0,0.073074495,0.110818001,0.149959416,0.325960498,0,0,0.34018759,0,0,0,0,0.242469336,0,0,0,0.048611111,0.288104257,0.168718434,0.036458333,0.142564033,0,0.073074495,0,0,0,0,0.28285083,0,0.015625,DOS CABEZAS - CHIRACAHUA,31.9397,-109.2662,2011,706,2014,1996,2014,3,43.03646088,-72.09375,-48.94790649,-37.70313263,0.201040572,0.298710626,United States,DOS CABEZAS - CHIRACAHUA,Chiricahua,G,8,2014,0.728138442,0.309576756,OW,Oak woodland,CM_G_8,2011,1,1,1,3,7128.985073,394.7271102,NA,NA,NA,NA,1,0.142564033,0.34018759,0.242469336,Oak woodland
Chiricahua_G_10_2014,2014,6,60.4047619,31.60714286,6.464285714,1.19047619,0.333333333,0.033333333,0,0,0.185119048,0.247619048,0,0,0.533928571,0,0,0,0,0.196428571,0.09047619,0,0,0.116666667,0.489285714,0.06547619,0.020833333,0.020833333,0,0,0,0,0.033333333,0,0.214285714,0,0.023809524,DOS CABEZAS - CHIRACAHUA,31.9378,-109.271,2011,546,2014,1996,2014,3,35.00520325,-39.86456299,-19.72915649,-14.77603912,0.268939086,0.335095528,United States,DOS CABEZAS - CHIRACAHUA,Chiricahua,G,10,2014,0.687904087,0.360168723,OW,Oak woodland,CM_G_10,2011,1,1,1,3,278.9236579,258.7728784,NA,NA,NA,NA,2,0.020833333,0.533928571,0.196428571,Oak woodland
Chiricahua_G_11_2014,2014,6,44.08730159,41.24007937,8.492063492,4.841269841,1.339285714,0,0,0.020833333,0.297619048,0.300595238,0.055555556,0,0.325396825,0,0,0,0,0.118055556,0.069444444,0,0,0.089285714,0.297619048,0.235119048,0,0.19047619,0,0,0,0,0,0,0.130952381,0,0.027777778,DOS CABEZAS - CHIRACAHUA,31.9369,-109.2725,2011,366,2014,1996,2014,3,58.57289886,-11.6875,18.72917175,25.95311737,0.432913451,0.535730198,United States,DOS CABEZAS - CHIRACAHUA,Chiricahua,G,11,2014,0.687904087,0.360168723,OW,Oak woodland,CM_G_11,2011,1,1,1,3,7422.299305,122.2792894,NA,NA,NA,NA,1,0.19047619,0.325396825,0.118055556,Oak woodland
Chiricahua_G_12_2014,2014,6,33.14199689,38.50548757,16.26416408,11.98968855,0,0,0.098662911,0.090633903,0.39272533,0.272824398,0.018518519,0,0.126634939,0,0,0,0,0.195529008,0.039351852,0,0,0.139455452,0.100993913,0.285515411,0.025641026,0.213513339,0,0,0,0,0,0,0.162765475,0,0.012820513,DOS CABEZAS - CHIRACAHUA,31.9359,-109.2745,2011,352,2014,1996,2014,3,63.27603149,-14.96875,4.010406494,10.69271088,0.242561307,0.327963864,United States,DOS CABEZAS - CHIRACAHUA,Chiricahua,G,12,2014,0.703420962,0.344163696,POW,Pine oak woodland,CM_G_12,2011,1,1,1,3,4585.623364,255.3362099,NA,NA,NA,NA,1,0.213513339,0.126634939,0.195529008,Pine oak woodland
Opusera_1_1_2009,2009,1,16.11111111,32.16666667,26.61111111,24.94444444,0,0,0.166666667,0.111111111,0.444444444,0.055555556,0,0,0.222222222,0,0,0,0,0.055555556,0.055555556,0,0,0,0.111111111,0.722222222,0,0.055555556,0,0,0,0,0,0,0.055555556,0,0.222222222,LOS AJOS - LA MADERA,30.024,-109.547,2002,289.2406921,2009,NA,2009,7,-5.645835876,-28.61459351,-9.958328247,-6.604164124,0.812245292,0.958276879,Mexico,LOS AJOS - LA MADERA,Opusera,1,1,2009,0.438714609,0.337927484,POW,Pine oak woodland,Opusera_1_1,2002,1,1,1,7,NA,NA,NA,NA,NA,NA,2,0.055555556,0.222222222,0.055555556,Pine oak woodland
Opusera_1_2_2009,2009,1,26.42857143,34.92857143,19.92857143,18.5,0,0,0.285714286,0,0.5,0.142857143,0,0,0.071428571,0,0,0.071428571,0,0,0,0,0,0,0.071428571,0.785714286,0,0.071428571,0,0,0,0,0,0,0.142857143,0,0.071428571,LOS AJOS - LA MADERA,30.0257,-109.5479,2002,261.6628113,2009,NA,2009,7,15.61979675,-6.895812988,11.81248474,13.01039886,0.830903446,0.884107163,Mexico,LOS AJOS - LA MADERA,Opusera,1,2,2009,0.438714609,0.337927484,POW,Pine oak woodland,Opusera_1_2,2002,1,1,1,7,NA,NA,NA,NA,NA,NA,2,0.071428571,0.071428571,0.01,Pine oak woodland
Opusera_1_3_2009,2009,1,1,26.9,35.9,35.9,0,0,0.2,0.3,0.4,0,0,0,0.1,0,0,0,0,0.2,0.1,0,0,0,0,0.7,0,0,0,0,0,0,0,0,0,0,0.3,LOS AJOS - LA MADERA,30.0286,-109.5492,2002,185.7152863,2009,NA,2009,7,-4.604171753,-14.95832825,-7.46875,-4.234367371,0.72334026,1.035715549,Mexico,LOS AJOS - LA MADERA,Opusera,1,3,2009,0.411453321,0.366821762,OW,Oak woodland,Opusera_1_3,2002,1,1,1,7,NA,NA,NA,NA,NA,NA,2,0.01,0.1,0.2,Oak woodland
Opusera_1_4_2009,2009,1,29,30.6,20.6,19.6,0,0,0.2,0.1,0.3,0.2,0,0,0.2,0,0,0,0,0,0,0,0,0,0.2,0.7,0,0.1,0,0,0,0,0,0,0.2,0,0,LOS AJOS - LA MADERA,30.0314,-109.5506,2002,396.803894,2009,NA,2009,7,6.151039124,-46.48957825,-6.208343506,2.572914124,0.76521205,0.932027298,Mexico,LOS AJOS - LA MADERA,Opusera,1,4,2009,0.411453321,0.366821762,OW,Oak woodland,Opusera_1_4,2002,1,1,1,7,NA,NA,NA,NA,NA,NA,2,0.1,0.2,0.01,Oak woodland
Opusera_2_1_2009,2009,1,26.15384615,30.23076923,29.46153846,14.07692308,0,0,0.153846154,0.076923077,0.461538462,0,0,0,0.307692308,0,0,0,0,0.230769231,0.076923077,0,0,0,0.076923077,0.230769231,0.153846154,0.230769231,0,0,0,0,0,0,0.153846154,0,0.076923077,LOS AJOS - LA MADERA,30.0224,-109.5467,2002,201.5829468,2009,NA,2009,7,-16.97396088,-57.41668701,-27.0625,-23.79166412,0.7505475,0.831423252,Mexico,LOS AJOS - LA MADERA,Opusera,2,1,2009,0.438714609,0.337927484,OW,Oak woodland,Opusera_2_1,2002,1,1,1,7,NA,NA,NA,NA,NA,NA,2,0.230769231,0.307692308,0.230769231,Oak woodland
Opusera_2_2_2009,2009,1,3.333333333,39.88888889,33.22222222,23.22222222,0,0,0.333333333,0.333333333,0.333333333,0,0,0,0,0,0,0,0,0.444444444,0,0,0,0,0,0.555555556,0,0,0,0,0,0,0,0,0,0,0,LOS AJOS - LA MADERA,30.0206,-109.5461,2002,233.2477264,2009,NA,2009,7,-29.64061737,-66.07293701,-32.625,-30.58853912,0.918084199,0.973981296,Mexico,LOS AJOS - LA MADERA,Opusera,2,2,2009,0.438714609,0.337927484,OS,Oak savannah,Opusera_2_2,2002,1,2,2,7,NA,NA,NA,NA,NA,NA,2,0.01,0.01,0.444444444,Oak savannah
Opusera_3_6_2009,2009,1,0.5,33.25,35.75,30.25,0,0,0.15,0.3,0.45,0,0,0,0.1,0,0,0,0,0.2,0.05,0,0,0,0,0.75,0,0,0,0,0,0,0,0,0,0,0.25,LOS AJOS - LA MADERA,30.0333,-109.541,2001,9.657514572,2009,NA,2009,8,31.46875763,9.59375,27.89582825,27.68228912,0.836666142,0.826904357,Mexico,LOS AJOS - LA MADERA,Opusera,3,6,2009,0.393702267,0.387431672,OW,Oak woodland,Opusera_3_6,2001,1,2,2,8,NA,NA,NA,NA,NA,NA,2,0.01,0.1,0.2,Oak woodland
Opusera_4_5_2009,2009,1,22.5,17.5,40,20,0,0,0.25,0.25,0.25,0.25,0,0,0,0,0,0,0,0.25,0,0,0,0,0,0.5,0,0.25,0,0,0,0,0,0,0.25,0,0.25,LOS AJOS - LA MADERA,30.0134,-109.5363,2002,131.5894775,2009,NA,2009,7,-3.369796753,-29.35415649,-16.61459351,-16.21355438,0.490278118,0.505711984,Mexico,LOS AJOS - LA MADERA,Opusera,4,5,2009,0.438197875,0.341320092,OW,Oak woodland,Opusera_4_5,2002,1,1,1,7,NA,NA,NA,NA,NA,NA,2,0.25,0.01,0.25,Oak woodland
Opusera_4_6_2009,2009,1,25,22.66666667,21,31,0,0,0.166666667,0.166666667,0.333333333,0.333333333,0,0,0,0,0,0,0,0.166666667,0,0,0,0,0,0.833333333,0,0,0,0,0,0,0,0,0.166666667,0,0,LOS AJOS - LA MADERA,30.0127,-109.5344,2002,332.8094788,2009,NA,2009,7,18.52605438,-81.13540649,-31.80209351,-30.16146088,0.495008929,0.511470986,Mexico,LOS AJOS - LA MADERA,Opusera,4,6,2009,0.438197875,0.341320092,OS,Oak savannah,Opusera_4_6,2002,1,1,1,7,NA,NA,NA,NA,NA,NA,2,0.01,0.01,0.166666667,Oak savannah
Opusera_4_7_2009,2009,1,22.85714286,19.42857143,39.42857143,18,0,0,0.428571429,0.285714286,0,0,0,0,0.285714286,0,0,0.142857143,0,0.285714286,0.142857143,0,0,0,0,0.285714286,0.142857143,0,0,0,0,0,0,0,0.142857143,0,0.428571429,LOS AJOS - LA MADERA,30.0106,-109.5322,2002,37.50723267,2009,NA,2009,7,27.76563263,-0.385437012,8.104187012,2.723976135,0.301573764,0.110454529,Mexico,LOS AJOS - LA MADERA,Opusera,4,7,2009,0.438197875,0.341320092,OW,Oak woodland,Opusera_4_7,2002,1,1,1,7,NA,NA,NA,NA,NA,NA,2,0.01,0.285714286,0.285714286,Oak woodland
Opusera_4_8_2009,2009,1,24.61538462,31.46153846,31.46153846,12.23076923,0,0,0.230769231,0.230769231,0.153846154,0.153846154,0,0,0.230769231,0,0,0.076923077,0,0.230769231,0.076923077,0,0,0,0,0.461538462,0.153846154,0,0,0,0,0,0,0,0.307692308,0,0.230769231,LOS AJOS - LA MADERA,30.0102,-109.5307,2002,5.907935619,2009,NA,2009,7,32.85416412,13.88542175,27.79165649,21.359375,0.733113164,0.394014168,Mexico,LOS AJOS - LA MADERA,Opusera,4,8,2009,0.438197875,0.341320092,OS,Oak savannah,Opusera_4_8,2002,1,1,1,7,NA,NA,NA,NA,NA,NA,2,0.01,0.230769231,0.230769231,Oak savannah
Opusera_11_7_2012,2012,1,30,42.09090909,23,4.818181818,0,0,0.090909091,0,0.363636364,0.272727273,0.090909091,0,0.181818182,0,0,0,0,0,0,0.090909091,0.090909091,0,0.090909091,0.636363636,0.090909091,0,0,0,0,0,0,0.090909091,0.272727273,0,0.090909091,LOS AJOS - LA MADERA,29.9144,-109.5373,1989,-105.2566147,2012,NA,2012,23,6.010421753,2.65625,4.218765259,2.380210876,0.465842352,-0.082297254,Mexico,LOS AJOS - LA MADERA,Opusera,11,7,2012,0.392869739,0.366256616,OW,Oak woodland,Opusera_11_7,1989,1,1,1,23,NA,NA,NA,NA,NA,NA,2,0.01,0.181818182,0.01,Oak woodland
Pinaleno_B_3_2015,2014,4,51.0875,25.8375,21.0875,1.875,0,0,0.1125,0.0625,0.1125,0.375,0,0,0.3375,0,0,0,0,0,0.2125,0.175,0.225,0,0,0.1625,0.125,0,0,0.1,0,0,0.1,0.225,0.5625,0,0.05,PINALEï¿½O,32.5646,-109.8152,2012,105.9376755,2015,1996,2015,3,-11.57291794,-29.11457825,-20.45832825,-20.45832825,0.493468112,0.493468112,United States,PINALEÑO,Pinaleno,B,3,2015,0.453207616,0.682755714,OW,Oak woodland,PM_B_3,2012,1,1,1,3,540.0212354,79.90253606,NA,NA,NA,NA,2,0.01,0.3375,0.01,Oak woodland
Pinaleno_B_4_2015,2014,4,30.44166667,43.60833333,25.85833333,0,0,0,0.316666667,0,0.204166667,0.245833333,0.091666667,0,0.141666667,0,0,0,0,0.091666667,0.154166667,0.4,0.05,0,0,0.254166667,0,0,0,0.05,0,0,0.0625,0.05,0.695833333,0,0.05,PINALEï¿½O,32.563,-109.818,2012,124.9792633,2015,1996,2015,3,-1.744800568,-10.38541412,-6.635421753,-6.041664124,0.433996075,0.502713143,United States,PINALEÑO,Pinaleno,B,4,2015,0.453207616,0.682755714,PJ,Pinyon juniper woodland,PM_B_4,2012,1,1,1,3,728.7815098,87.47906576,NA,NA,NA,NA,2,0.01,0.141666667,0.091666667,Pinyon juniper woodland
Pinaleno_B_11_2015,2014,4,34.10416667,38.78977273,24.41477273,1,1.583333333,0.083333333,0.276515152,0,0.195454545,0.290909091,0.083333333,0,0.070454545,0,0,0.047727273,0,0.083333333,0.349242424,0.181060606,0.022727273,0.025,0,0.157954545,0.070454545,0,0,0.0625,0,0.047727273,0.157954545,0.022727273,0.421969697,0,0.0625,PINALEï¿½O,32.5654,-109.8195,2012,144.8412628,2015,NA,2015,3,-4.312496185,-14.17707825,-11.19790649,-10.73957825,0.30200689,0.348468894,United States,PINALEÑO,Pinaleno,B,11,2015,0.436106149,0.70886842,PJ,Pinyon juniper woodland,PM_B_11,2012,1,1,1,3,1320.030983,89.88738869,NA,NA,NA,NA,2,0.01,0.070454545,0.083333333,Pinyon juniper woodland
Pinaleno_B_12_2015,2014,4,38.28809524,35.59761905,24.15714286,1.785714286,0,0,0.279761905,0,0.160714286,0.413095238,0,0,0.146428571,0,0,0,0,0.025,0.304761905,0.219047619,0.05,0,0,0.244047619,0.05,0,0,0.107142857,0,0,0.169047619,0.05,0.55952381,0,0.025,PINALEï¿½O,32.5668,-109.8162,2012,87.71731567,2015,NA,2015,3,-1.609371185,-16.0625,-10.03126526,-9.864578247,0.417296131,0.428829068,United States,PINALEÑO,Pinaleno,B,12,2015,0.436106149,0.70886842,PJ,Pinyon juniper woodland,PM_B_12,2012,1,1,1,3,1009.578131,57.9721582,NA,NA,NA,NA,2,0.01,0.146428571,0.025,Pinyon juniper woodland
Pinaleno_C_5_2014,2014,4,14.96985237,35.32377622,27.62447552,18.77117327,3.196969697,0,0.183488733,0.055128205,0.370823621,0.155633256,0.086402486,0,0.148523699,0,0,0.016666667,0.022727273,0.247163947,0.086402486,0,0,0.106565657,0.062121212,0.218881119,0,0.164180264,0,0.075291375,0,0,0,0,0.122299922,0,0.105633256,PINALEï¿½O,32.6493,-109.8225,2004,352.2027283,2014,1996,2014,10,77.63542175,-5.875015259,17.6875,31.05207062,0.282150544,0.442185279,United States,PINALEÑO,Pinaleno,C,5,2014,0.700802978,0.343682236,POW,Pine oak woodland,PM_C_5,2004,1,1,1,10,29502.05587,357.8683847,NA,NA,NA,NA,3,0.164180264,0.148523699,0.247163947,Pine oak woodland
Pinaleno_C_6_2014,2014,4,8.936111111,37.39791667,31.69652778,19.14930556,2.708333333,0,0.283333333,0.052777778,0.405555556,0.136805556,0,0,0.121527778,0,0,0,0.16875,0.333333333,0,0,0,0.118055556,0.090277778,0.184027778,0,0.052777778,0,0.052777778,0,0,0,0,0.136805556,0,0.03125,PINALEï¿½O,32.6515,-109.8218,2004,310.7431335,2014,1996,2014,10,91.43229675,12.14584351,27.625,53.61457825,0.195230785,0.523024212,United States,PINALEÑO,Pinaleno,C,6,2014,0.644093604,0.421756916,MCF,Mixed conifer forest,PM_C_6,2004,1,1,1,10,10445.59015,287.3074416,NA,NA,NA,NA,1,0.052777778,0.121527778,0.333333333,Mixed conifer forest
Pinaleno_C_7_2014,2014,4,14.68573232,37.99381313,33.39659091,11.84343434,2.015151515,0,0.209343434,0,0.521969697,0.099621212,0.048611111,0,0.120454545,0,0,0,0.064393939,0.359469697,0,0,0,0.134343434,0.081060606,0.224116162,0,0.071338384,0,0.065277778,0,0,0,0,0.118181818,0,0,PINALEï¿½O,32.6503,-109.8189,2004,334.4775391,2014,NA,2014,10,95.93228912,19.92707825,30.66665649,61.60938263,0.141300552,0.548413772,United States,PINALEÑO,Pinaleno,C,7,2014,0.644093604,0.421756916,MCF,Mixed conifer forest,PM_C_7,2004,1,1,1,10,21916.93924,262.4382723,NA,NA,NA,NA,3,0.071338384,0.120454545,0.359469697,Mixed conifer forest
Pinaleno_C_11_2014,2014,4,7.291666667,14.4375,44.02083333,29.22916667,5,0,0.104166667,0.0625,0.729166667,0.020833333,0.041666667,0,0.041666667,0,0,0,0,0.229166667,0.041666667,0,0,0.229166667,0,0.416666667,0,0.083333333,0,0,0,0,0,0,0,0,0.041666667,PINALEï¿½O,32.6418,-109.8215,1995,-9999,2014,1996,2014,19,55.41666412,-0.593734741,12.56251526,23.32292938,0.234889418,0.427003996,United States,PINALEÑO,Pinaleno,C,11,2014,0.654542999,0.420229976,POW,Pine oak woodland,PM_C_11,1995,1,2,2,19,18891.526,233.9186937,NA,NA,NA,NA,3,0.083333333,0.041666667,0.229166667,Pine oak woodland
Pinaleno_C_12_2014,2014,4,34.02777778,35.90277778,15.76388889,13.61111111,0.694444444,0.069444444,0,0.131944444,0.152777778,0.513888889,0.069444444,0,0.0625,0,0,0.131944444,0,0.284722222,0.131944444,0,0,0,0,0.097222222,0,0.354166667,0,0,0,0,0,0,0.1875,0,0.0625,PINALEï¿½O,32.6393,-109.8223,1995,-9999,2014,1996,2014,19,68.45313263,36.57292175,51.6875,41.46875763,0.474105341,0.153569746,United States,PINALEÑO,Pinaleno,C,12,2014,0.654542999,0.420229976,PF,Pine forest,PM_C_12,1995,1,2,2,19,8643.884465,96.96047169,NA,NA,NA,NA,1,0.354166667,0.0625,0.284722222,Pine forest
Pulpito_9_3_2012,2012,1,56.92307692,30,13.07692308,0,0,0,0.076923077,0.076923077,0.076923077,0.307692308,0,0,0.461538462,0,0,0,0,0.076923077,0.153846154,0.153846154,0,0,0.307692308,0.230769231,0.076923077,0,0,0,0,0,0.076923077,0,0.538461538,0,0.076923077,PELONCILLO - PAN DURO,30.6314,-108.856,2002,98.11297607,2012,NA,2012,10,22.95834351,14.13542175,15.34373474,16.11457062,0.13695157,0.224318986,Mexico,PELONCILLO - PAN DURO,Pulpito,9,3,2012,0.436515769,0.62395222400000006,OW,Oak woodland,Pulpito_9_3,2002,1,1,1,10,1896.281953,69.89774993,NA,NA,NA,NA,2,0.01,0.461538462,0.076923077,Oak woodland
Pulpito_9_4_2012,2012,1,55.45454545,21.18181818,15.72727273,7.545454545,0,0,0.090909091,0,0.272727273,0.181818182,0,0,0.454545455,0,0,0,0,0.090909091,0,0,0,0,0.272727273,0.454545455,0.181818182,0,0,0,0,0,0,0,0.363636364,0,0,PELONCILLO - PAN DURO,30.629,-108.8532,2002,156.0613556,2012,NA,2012,10,16.02604675,-12.92709351,-2.895843506,-2.151054382,0.346465009,0.372188959,Mexico,PELONCILLO - PAN DURO,Pulpito,9,4,2012,0.449984002,0.61158964,OW,Oak woodland,Pulpito_9_4,2002,1,1,1,10,1870.8981900000001,87.45471407,NA,NA,NA,NA,2,0.01,0.454545455,0.090909091,Oak woodland
Pulpito_9_5_2012,2012,1,38.57142857,39,17.57142857,4.714285714,0,0,0.285714286,0,0,0.142857143,0,0,0.571428571,0,0,0,0,0,0,0.142857143,0,0,0.428571429,0.428571429,0,0,0,0,0,0,0,0,0.428571429,0,0.142857143,PELONCILLO - PAN DURO,30.631,-108.8533,2002,265.9587708,2012,NA,2012,10,31.92186737,12.73959351,16.60417175,15.89063644,0.201466118,0.164268478,Mexico,PELONCILLO - PAN DURO,Pulpito,9,5,2012,0.436515769,0.62395222400000006,OW,Oak woodland,Pulpito_9_5,2002,1,1,1,10,3449.332182,114.9308155,NA,NA,NA,NA,1,0.01,0.571428571,0.01,Oak woodland
Pulpito_9_6_2012,2012,1,56.66666667,36.66666667,6.666666667,0,0,0,0,0,0,0.666666667,0,0,0.333333333,0,0,0,0,0,0.333333333,0,0,0,0,0.333333333,0.333333333,0,0,0,0,0,0.333333333,0,0.666666667,0,0,PELONCILLO - PAN DURO,30.6328,-108.8528,2002,284.390686,2012,NA,2012,10,18.56771088,-15.36459351,-8.843765259,-7.234375,0.192171689,0.239601131,Mexico,PELONCILLO - PAN DURO,Pulpito,9,6,2012,0.436515769,0.62395222400000006,MS,Mountain scrub,Pulpito_9_6,2002,1,2,2,10,5341.474882,151.5189763,NA,NA,NA,NA,1,0.01,0.333333333,0.01,Mountain scrub
Pulpito_10_5_2012,2012,1,30.33333333,27,37,5.555555556,0,0,0.222222222,0,0.222222222,0.111111111,0,0,0.444444444,0,0,0,0,0.111111111,0.333333333,0,0,0,0.111111111,0.222222222,0,0.111111111,0,0.111111111,0,0,0,0,0,0,0.333333333,PELONCILLO - PAN DURO,30.6527,-108.8704,2002,292.8755798,2012,NA,2012,10,47.63542175,-18.40625,6.645828247,22.73439026,0.379337433,0.62294971,Mexico,PELONCILLO - PAN DURO,Pulpito,10,5,2012,0.578578718,0.509787846,POW,Pine oak woodland,Pulpito_10_5,2002,1,1,1,10,2416.735561,219.4450488,NA,NA,NA,NA,2,0.111111111,0.444444444,0.111111111,Pine oak woodland
Pulpito_10_6_2012,2012,1,53.33333333,20,26.66666667,0,0,0,0,0,0.333333333,0.666666667,0,0,0,0,0,0,0,0.333333333,0,0,0,0,0,0,0,0.666666667,0,0,0,0,0,0,0,0,0,PELONCILLO - PAN DURO,30.6531,-108.8724,2002,108.716217,2012,NA,2012,10,38.23957825,-5.270828247,33.54165649,48.51563263,0.892027629,1.236174635,Mexico,PELONCILLO - PAN DURO,Pulpito,10,6,2012,0.578578718,0.509787846,PF,Pine forest,Pulpito_10_6,2002,1,1,1,10,1736.209138,122.751721,NA,NA,NA,NA,2,0.666666667,0.01,0.333333333,Pine forest
Pulpito_10_7_2012,2012,1,38.33333333,30.5,15.5,15.5,0,0,0.333333333,0,0.166666667,0.333333333,0,0,0.166666667,0,0,0,0,0,0,0.166666667,0,0,0.166666667,0.333333333,0,0.333333333,0,0,0,0,0,0,0.166666667,0,0,PELONCILLO - PAN DURO,30.655,-108.8718,2002,252.5144653,2012,NA,2012,10,39.16146851,-12.53125,15.70834351,14.66146851,0.546297319,0.526045433,Mexico,PELONCILLO - PAN DURO,Pulpito,10,7,2012,0.555601492,0.529180745,PF,Pine forest,Pulpito_10_7,2002,1,1,1,10,2595.364946,166.9538741,NA,NA,NA,NA,2,0.333333333,0.166666667,0.01,Pine forest
Pulpito_10_8_2012,2012,1,19,39.92857143,26.35714286,14.5,0,0,0.285714286,0.071428571,0.285714286,0.071428571,0.071428571,0.142857143,0.071428571,0,0,0,0,0.142857143,0.071428571,0,0,0,0,0.5,0,0.142857143,0,0.142857143,0,0,0.071428571,0,0.071428571,0,0.142857143,PELONCILLO - PAN DURO,30.6554,-108.8705,2002,206.379715,2012,NA,2012,10,31.65624237,3.541671753,20.47917175,19.53125,0.602445623,0.568729235,Mexico,PELONCILLO - PAN DURO,Pulpito,10,8,2012,0.555601492,0.529180745,POW,Pine oak woodland,Pulpito_10_8,2002,1,1,1,10,2075.381964,166.5726482,NA,NA,NA,NA,2,0.142857143,0.071428571,0.142857143,Pine oak woodland
Pulpito_11_3_2012,2012,1,28.88888889,38.44444444,25.11111111,7.333333333,0,0,0.333333333,0,0.111111111,0.111111111,0,0,0.444444444,0,0,0,0,0,0.222222222,0.111111111,0,0,0.111111111,0.444444444,0.111111111,0,0,0,0,0,0,0,0.333333333,0,0.222222222,PELONCILLO - PAN DURO,30.6382,-108.8482,2002,333.3551636,2012,NA,2012,10,47.67188263,-16.15625,-1.395828247,11.07291794,0.231252602,0.426601356,Mexico,PELONCILLO - PAN DURO,Pulpito,11,3,2012,0.434461637,0.628877255,OW,Oak woodland,Pulpito_11_3,2002,1,1,1,10,4245.796551,250.1413776,NA,NA,NA,NA,1,0.01,0.444444444,0.01,Oak woodland
Pulpito_11_4_2012,2012,1,30,45.75,15.75,8.25,0,0,0.5,0,0,0.25,0,0,0.25,0,0,0,0,0,0,0.25,0,0,0.25,0.5,0,0,0,0,0,0,0,0,0.5,0,0,PELONCILLO - PAN DURO,30.6393,-108.8464,2002,431.6555176,2012,NA,2012,10,64.56251526,-13.84375,10.45834351,18.61979675,0.309950913,0.414042764,Mexico,PELONCILLO - PAN DURO,Pulpito,11,4,2012,0.419573845,0.646738202,MR,Montane riparian forest & woodland,Pulpito_11_4,2002,1,1,1,10,13729.51532,222.0831741,NA,NA,NA,NA,3,0.01,0.25,0.01,Montane riparian forest & woodland
Pulpito_11_5_2012,2012,1,40,40.5,13.83333333,5.5,0,0,0.166666667,0,0,0.333333333,0,0,0.5,0,0,0,0,0,0,0,0,0,0.333333333,0.666666667,0,0,0,0,0,0,0,0,0.333333333,0,0.166666667,PELONCILLO - PAN DURO,30.6371,-108.8466,2002,193.2746887,2012,NA,2012,10,26.13540649,-3.645812988,10.55207062,16.09896088,0.476739497,0.662994135,Mexico,PELONCILLO - PAN DURO,Pulpito,11,5,2012,0.434461637,0.628877255,MS,Mountain scrub,Pulpito_11_5,2002,1,2,2,10,6923.411902,114.5500838,NA,NA,NA,NA,1,0.01,0.5,0.01,Mountain scrub
Pulpito_11_6_2012,2012,1,56.66666667,26.66666667,16.66666667,0,0,0,0,0,0.333333333,0.333333333,0,0,0.333333333,0,0,0,0,0,0,0,0,0,0,0.666666667,0.333333333,0,0,0,0,0,0,0,0.666666667,0,0,PELONCILLO - PAN DURO,30.6379,-108.8447,2002,98.60740662,2012,NA,2012,10,37.08853149,19.05207825,23.27083588,22.59896851,0.233901731,0.196651205,Mexico,PELONCILLO - PAN DURO,Pulpito,11,6,2012,0.434461637,0.628877255,POW,Pine oak woodland,Pulpito_11_6,2002,1,2,2,10,9633.89405,79.06580162,NA,NA,NA,NA,1,0.01,0.333333333,0.01,Pine oak woodland
Santa Catalina_A_1_2014,2014,6,24.32659933,36.31599327,32.68973064,6.632491582,0,0,0.144781145,0.068855219,0.332491582,0.208417508,0.016666667,0.068855219,0.15993266,0,0,0.052188552,0.104040404,0.421717172,0.048821549,0,0,0.07037037,0.144781145,0.0503367,0,0.107744108,0,0,0,0,0,0,0.156228956,0,0.033670034,SANTA CATALINA,32.4047,-110.7046,2003,-9999,2014,1996,2014,11,84.77083588,10.23957825,18.92706299,21.27082062,0.116561628,0.148008268,United States,SANTA CATALINA,Santa Catalina,A,1,2014,0.680702422,0.28676221,PF,Pine forest,SC_A_1,2003,1,1,1,11,8712.330395,221.4950316,NA,NA,NA,NA,1,0.107744108,0.15993266,0.421717172,Pine forest
Santa Catalina_A_2_2014,2014,6,16.33670843,40.05946484,30.38803904,12.07755439,1.114996115,0.055749806,0.113087607,0.104487179,0.290608003,0.192302836,0.05959596,0,0.184168609,0,0,0.086305361,0.038194444,0.383984071,0.077029915,0,0,0,0.107138695,0.11623446,0,0.167875874,0,0.023237179,0,0,0,0,0.178413947,0,0.077029915,SANTA CATALINA,32.4033,-110.7079,2003,385.5211487,2014,1996,2014,11,21.47917175,-31.44793701,-19.14582825,-8.385414124,0.232434929,0.435741219,United States,SANTA CATALINA,Santa Catalina,A,2,2014,0.649409209,0.309714006,PF,Pine forest,SC_A_2,2003,1,1,1,11,6584.390731,363.7411077,7203.340842,371.9373517,NA,NA,5,0.167875874,0.184168609,0.383984071,Pine forest
Santa Catalina_A_3_2014,2014,6,19.4212963,44.60790598,25.19052707,9.782763533,0.886039886,0.061894587,0.149430199,0.098646724,0.266381766,0.155555556,0.061894587,0,0.206196581,0,0,0.059116809,0.018518519,0.282621083,0.227492877,0,0,0.018518519,0.144301994,0.160042735,0,0.031339031,0,0.058048433,0,0,0,0,0.155555556,0,0.088603989,SANTA CATALINA,32.4023,-110.7094,2003,713.4858398,2014,1996,2014,11,21.84896851,-132.6666565,-60.37501526,-51.54167175,0.467859747,0.52502771,United States,SANTA CATALINA,Santa Catalina,A,3,2014,0.649409209,0.309714006,MCF,Mixed conifer forest,SC_A_3,2003,1,1,1,11,15025.51675,533.9282636,14922.09295,544.5200416,NA,NA,3,0.031339031,0.206196581,0.282621083,Mixed conifer forest
Santa Catalina_A_4_2015,2014,6,19.16884389,48.22249741,21.46165177,10.82095798,0.256410256,0.012820513,0.144638695,0.09280303,0.252771303,0.206033087,0.06732388,0,0.223609492,0,0,0.033653846,0,0.320384939,0.140009065,0,0,0,0.150514763,0.242602305,0.012820513,0.040792541,0,0.059222028,0,0,0,0,0.206033087,0,0.117092398,SANTA CATALINA,32.4017,-110.711,2003,730.7008667,2015,1996,2015,12,15.34375,-111.96875,-56.79165649,-52.07811737,0.433398869,0.470422249,United States,SANTA CATALINA,Santa Catalina,A,4,2015,0.649409209,0.309714006,POW,Pine oak woodland,SC_A_4,2003,1,1,1,12,16394.47722,523.013201,15557.61905,545.973226,NA,NA,3,0.040792541,0.223609492,0.320384939,Pine oak woodland
Santa Catalina_A_5_2014,2014,6,25.98727117,41.12011219,21.965612,9.983996124,0.911495911,0.045574796,0.031512605,0.145516793,0.122665733,0.175940073,0.188585788,0,0.290204213,0,0,0.045574796,0,0.310026031,0.11379375,0.055378717,0.03042328,0,0.186214385,0.258589042,0,0,0,0,0,0,0,0.03042328,0.167225476,0,0.184323982,SANTA CATALINA,32.4008,-110.7127,2003,715.8637695,2014,1996,2014,11,11.01040649,-123.3854065,-62.16667175,-57.8125,0.455510729,0.48790885,United States,SANTA CATALINA,Santa Catalina,A,5,2014,0.649409209,0.309714006,POW,Pine oak woodland,SC_A_5,2003,1,1,1,11,8120.373301,631.6986875,8062.132016,640.1353975,NA,NA,5,0.01,0.290204213,0.310026031,Pine oak woodland
Santa Catalina_A_6_2015,2014,6,13.13041126,33.59132997,33.21626984,19.92063492,0,0,0.139369889,0.127465127,0.397438672,0.025793651,0.089886965,0.013888889,0.206156806,0,0,0.011904762,0,0.147967773,0.202453102,0,0,0.03042328,0.062830688,0.393025493,0,0.056216931,0,0.09517797,0,0,0,0,0.011904762,0,0.241750842,SANTA CATALINA,32.3999,-110.7148,2003,758.1775513,2015,1996,2015,12,15.38541412,-137.8541565,-63.01040649,-57.68228912,0.488410074,0.523179927,United States,SANTA CATALINA,Santa Catalina,A,6,2015,0.676648395,0.286329427,POW,Pine oak woodland,SC_A_6,2003,1,1,1,12,22121.70756,608.2446606,24905.32467,590.1495236,NA,NA,3,0.056216931,0.206156806,0.147967773,Pine oak woodland
Santa Catalina_A_7_2015,2014,6,25.92751323,39.57830688,22.00952381,11.0978836,1.298941799,0.047089947,0.144179894,0.074867725,0.157936508,0.19973545,0.058201058,0,0.317989418,0,0,0.063756614,0,0.217195767,0.163492063,0.076719577,0.018518519,0.011904762,0.142328042,0.144179894,0.035185185,0.057407407,0,0.069312169,0,0,0,0.018518519,0.263492063,0,0.213492063,SANTA CATALINA,32.398,-110.7132,2003,802.0675659,2015,1996,2015,12,-10.46354675,-123.8854218,-61.79167175,-59.48958588,0.547458328,0.567754993,United States,SANTA CATALINA,Santa Catalina,A,7,2015,0.649409209,0.309714006,POW,Pine oak woodland,SC_A_7,2003,1,1,1,12,11694.78354,639.5577143,12402.54453,643.4775222,NA,NA,3,0.057407407,0.317989418,0.217195767,Pine oak woodland
Santa Catalina_A_8_2014,2014,6,15.62788138,39.41864154,28.33116421,12.3970474,4.163623414,0.081659544,0.145632608,0.132812095,0.18772015,0.182795908,0.099142062,0,0.170237633,0,0,0.068839031,0,0.401929552,0.096811059,0,0.027972028,0.094276094,0.104765605,0.12711409,0,0.065472028,0,0.012820513,0,0,0,0.040792541,0.15482388,0,0.167981093,SANTA CATALINA,32.3983,-110.7114,2003,514.6746216,2014,1996,2014,11,-26.66667938,-102.5625,-73.77082825,-62.23958588,0.379357803,0.531292946,United States,SANTA CATALINA,Santa Catalina,A,8,2014,0.649409209,0.309714006,PF,Pine forest,SC_A_8,2003,1,1,1,11,22747.70087,491.2611472,25465.82213,517.6772858,NA,NA,3,0.065472028,0.170237633,0.401929552,Pine forest
Santa Catalina_A_9_2014,2014,6,20.08867521,41.88354701,26.58119658,9.560541311,1.829059829,0,0.12767094,0.080128205,0.24002849,0.229700855,0.08244302,0.022079772,0.217948718,0,0,0.022079772,0.018518519,0.4002849,0.089209402,0,0,0.039351852,0.128739316,0.188034188,0,0.066061254,0,0.047720798,0,0,0,0,0.211182336,0,0.169337607,SANTA CATALINA,32.3989,-110.7103,2003,676.8001709,2014,1996,2014,11,9.250015259,-47.59375,-38.13540649,-34.61978149,0.166391925,0.228239077,United States,SANTA CATALINA,Santa Catalina,A,9,2014,0.649409209,0.309714006,PF,Pine forest,SC_A_9,2003,1,1,1,11,16654.67901,471.268168,16967.13596,463.3932128,NA,NA,3,0.066061254,0.217948718,0.4002849,Pine forest
Santa Catalina_A_10_2014,2014,6,19.20303308,32.15616328,29.89918415,17.72627373,0.932539683,0.025793651,0.145500333,0.099476912,0.40499778,0.170225608,0.011904762,0,0.142100955,0,0,0.046626984,0.065670441,0.33537296,0.026709402,0,0,0.041666667,0.116459929,0.133852259,0,0.178959929,0,0.05468143,0,0,0,0,0.154005717,0,0.024725275,SANTA CATALINA,32.4003,-110.7079,2003,411.0296021,2014,1996,2014,11,-22.48436737,-92.40625,-64.63542175,-63.19791412,0.397169344,0.41772811,United States,SANTA CATALINA,Santa Catalina,A,10,2014,0.649409209,0.309714006,MCF,Mixed conifer forest,SC_A_10,2003,1,1,1,11,30466.38905,421.648831,26969.09227,408.8893815,NA,NA,3,0.178959929,0.142100955,0.33537296,Mixed conifer forest
Santa Catalina_A_11_2015,2014,6,18.2734127,24.90198413,32.80674603,23.78730159,0.166666667,0.016666667,0.157407407,0.147883598,0.441005291,0.115740741,0,0,0.121296296,0,0,0.111772487,0.044444444,0.238624339,0.047222222,0,0,0.058730159,0.05462963,0.223544974,0,0.184920635,0,0.036111111,0,0,0,0,0.108333333,0,0.130555556,SANTA CATALINA,32.401,-110.7057,2003,387.5896606,2015,1996,2015,12,17.10938263,-38.98959351,-37.88542175,-30.93750763,0.019682565,0.143533562,United States,SANTA CATALINA,Santa Catalina,A,11,2015,0.649409209,0.309714006,PF,Pine forest,SC_A_11,2003,1,1,1,12,26487.58421,314.1516352,19457.54334,287.5767915,NA,NA,3,0.184920635,0.121296296,0.238624339,Pine forest
Santa Catalina_A_12_2014,2014,6,9.124628639,31.35134185,34.64040899,23.43767083,1.42503466,0.071251733,0.084759358,0.13075609,0.503688849,0.1136735,0.011111111,0.016666667,0.068092692,0,0,0.128359576,0.020833333,0.316188849,0.093936918,0,0,0.039351852,0.032026144,0.212910972,0,0.156392355,0,0,0,0,0,0,0.077688651,0,0.088799762,SANTA CATALINA,32.4029,-110.7033,2003,-9999,2014,1996,2014,11,-28.00520325,-74.46875,-60.28125,-59.54688263,0.305346901,0.321152138,United States,SANTA CATALINA,Santa Catalina,A,12,2014,0.639990409,0.320650979,PF,Pine forest,SC_A_12,2003,1,1,1,11,3324.189301,337.2197723,4737.152804,284.6210778,NA,NA,5,0.156392355,0.068092692,0.316188849,Pine forest
Santa Catalina_B_1_2014,2014,6,32.33417508,31.26984127,25.43278018,10.23232323,0.730880231,0.011111111,0.116750842,0.055555556,0.304834055,0.2251443,0.033670034,0.015151515,0.237782588,0,0,0.065151515,0.027777778,0.311928812,0.016666667,0,0,0.035714286,0.223893699,0.150661376,0,0.153054353,0,0.015151515,0,0,0,0,0.124278499,0,0.083080808,SANTA CATALINA,32.4292,-110.7385,2002,375.3860168,2014,1996,2014,12,13.4375,-58.58331299,-36.38543701,-34.125,0.308214738,0.339600623,United States,SANTA CATALINA,Santa Catalina,B,1,2014,0.642221558,0.306318287,MCF,Mixed conifer forest,SC_B_1,2002,1,1,1,12,13347.67494,256.6307659,NA,NA,NA,NA,3,0.153054353,0.237782588,0.311928812,Mixed conifer forest
Santa Catalina_B_2_2014,2014,6,20.5949155,24.95039336,29.31932304,22.71600622,2.36013986,0.015151515,0.065098096,0.140612859,0.42378108,0.170794483,0.036057692,0.010416667,0.138087607,0,0,0.057012432,0.037126068,0.322892385,0.023237179,0,0,0.082459207,0.114850427,0.278821873,0,0.060363248,0,0.023237179,0,0,0,0,0.133668415,0,0.086004274,SANTA CATALINA,32.4297,-110.7365,2002,348.3636169,2014,1996,2014,12,19.13539886,-53.76042175,-10.84375,19.81771088,0.588739812,1.009360098,United States,SANTA CATALINA,Santa Catalina,B,2,2014,0.642221558,0.306318287,UDF&W,Upland deciduous forest & woodland,SC_B_2,2002,1,1,1,12,48950.67937,352.4309181,NA,NA,NA,NA,3,0.060363248,0.138087607,0.322892385,Upland deciduous forest & woodland
Santa Catalina_B_3_2014,2014,6,21.25,25.2979798,30.575,18.18358586,4.567424242,0,0.044191919,0.109343434,0.370707071,0.157575758,0.044191919,0.109343434,0.164646465,0,0,0,0.026262626,0.257070707,0.05530303,0,0,0.044191919,0.109343434,0.341666667,0,0.166161616,0,0,0,0,0,0,0.114646465,0,0.219949495,SANTA CATALINA,32.4297,-110.7347,2002,737.0668945,2014,NA,2014,12,29.16146088,-72.42709351,-22,-6.078125,0.49638558,0.653114604,United States,SANTA CATALINA,Santa Catalina,B,3,2014,0.642221558,0.306318287,UDF&W,Upland deciduous forest & woodland,SC_B_3,2002,1,1,1,12,39656.1303,362.2545923,NA,NA,NA,NA,3,0.166161616,0.164646465,0.257070707,Upland deciduous forest & woodland
Santa Catalina_B_4_2014,2014,6,19.94301994,36.98616453,27.3269765,14.00788818,1.669337607,0,0.112998575,0.127724359,0.329344729,0.331054131,0,0,0.098878205,0,0,0,0.035185185,0.471741453,0,0,0,0.055644587,0.098878205,0.21980057,0,0.11875,0,0,0,0,0,0,0.256054131,0,0.073931624,SANTA CATALINA,32.4297,-110.7331,2002,154.6941223,2014,1996,2014,12,37.91146088,9.822921753,26.11456299,40.95832825,0.580010273,1.108473686,United States,SANTA CATALINA,Santa Catalina,B,4,2014,0.642221558,0.306318287,MCF,Mixed conifer forest,SC_B_4,2002,1,1,1,12,23334.02233,164.2916037,NA,NA,NA,NA,3,0.11875,0.098878205,0.471741453,Mixed conifer forest
Santa Catalina_B_5_2014,2014,6,21.4577389,34.37128559,28.86996417,14.04559958,1.189211008,0.012820513,0.076617425,0.098717547,0.41751213,0.165589856,0.021527778,0,0.207214752,0,0,0.021592443,0.051133041,0.29963611,0.113755141,0,0,0.04220447,0.11875723,0.192746289,0,0.151403348,0,0.00877193,0,0,0,0,0.099575863,0,0.133794824,SANTA CATALINA,32.4301,-110.7315,2002,278.3776245,2014,1996,2014,12,26.36978912,-34.59373474,19.78123474,18.16665649,0.891926287,0.865441954,United States,SANTA CATALINA,Santa Catalina,B,5,2014,0.585274681,0.35549905,OW,Oak woodland,SC_B_5,2002,1,1,1,12,6876.451554,174.5282003,NA,NA,NA,NA,1,0.151403348,0.207214752,0.29963611,Oak woodland
Santa Catalina_B_6_2014,2014,6,25.77005919,31.60740436,25.83925911,15.94945039,0.651709402,0.026709402,0.177585813,0.115301202,0.248967046,0.224155583,0.044638695,0,0.16264226,0,0,0,0,0.249380685,0.075804424,0,0,0.041860917,0.113547237,0.2284348,0,0.236976096,0,0.053995841,0,0,0,0,0.122327346,0,0.104606015,SANTA CATALINA,32.4302,-110.7292,2002,442.4164734,2014,1996,2014,12,29.84375763,-17.85418701,14.32290649,18.11980438,0.674601259,0.754204225,United States,SANTA CATALINA,Santa Catalina,B,6,2014,0.585274681,0.35549905,MCF,Mixed conifer forest,SC_B_6,2002,1,1,1,12,16795.11453,283.2912469,NA,NA,NA,NA,3,0.236976096,0.16264226,0.249380685,Mixed conifer forest
Santa Catalina_B_7_2014,2014,6,24.94345238,30.2223545,23.16216931,20.51765873,1,0,0.09537037,0.152513228,0.304828042,0.206150794,0.016666667,0,0.224470899,0,0,0.020833333,0,0.204960317,0.072685185,0,0,0.054166667,0.151785714,0.213888889,0,0.260846561,0,0.020833333,0,0,0,0,0.086970899,0,0.14537037,SANTA CATALINA,32.4327,-110.7295,2002,556.9558716,2014,1996,2014,12,13.86457825,-103.40625,-29.21876526,-18.20832825,0.632616703,0.726505671,United States,SANTA CATALINA,Santa Catalina,B,7,2014,0.585274681,0.35549905,PF,Pine forest,SC_B_7,2002,1,1,1,12,14884.30782,314.6356154,NA,NA,NA,NA,3,0.260846561,0.224470899,0.204960317,Pine forest
Santa Catalina_B_8_2014,2014,6,20.57249695,32.38959096,27.58311966,17.72185592,1.6498779,0.026709402,0.10976801,0.123656899,0.352197802,0.163217338,0.025793651,0,0.198656899,0,0,0,0.012820513,0.217551893,0.123656899,0,0,0.025793651,0.101709402,0.358180708,0,0.146398046,0,0.013888889,0,0,0,0.012820513,0.071031746,0,0.193894994,SANTA CATALINA,32.4324,-110.7316,2002,331.923645,2014,1996,2014,12,37.046875,-14.61457825,31.80207825,26.51041412,0.898477561,0.796047919,United States,SANTA CATALINA,Santa Catalina,B,8,2014,0.585274681,0.35549905,OW,Oak woodland,SC_B_8,2002,1,1,1,12,6226.248735,208.0813604,NA,NA,NA,NA,1,0.146398046,0.198656899,0.217551893,Oak woodland
Santa Catalina_B_9_2014,2014,6,18.77028201,36.283571,25.03785593,18.71906851,1.133278486,0,0.062537136,0.180252754,0.366910051,0.187040084,0.041860917,0,0.161399058,0,0,0.026709402,0,0.333601856,0.019607843,0,0,0.063416975,0.128970703,0.275903835,0,0.151789387,0,0,0,0,0,0,0.1266397,0,0.104386626,SANTA CATALINA,32.4322,-110.7333,2002,369.204071,2014,1996,2014,12,37.18227386,-61.14582825,-10.10415649,-7.796875,0.519095464,0.542560592,United States,SANTA CATALINA,Santa Catalina,B,9,2014,0.642221558,0.306318287,UDF&W,Upland deciduous forest & woodland,SC_B_9,2002,1,1,1,12,12251.62862,243.2723152,NA,NA,NA,NA,3,0.151789387,0.161399058,0.333601856,Upland deciduous forest & woodland
Santa Catalina_B_10_2014,2014,6,19.74440837,35.99095153,27.14647738,16.23440497,0.75,0,0.120590357,0.198486971,0.246502844,0.152663186,0.062653849,0.011904762,0.207198031,0,0,0.018137255,0,0.275029709,0.082891945,0,0,0.038961039,0.109154571,0.291435362,0,0.133641032,0,0.050749088,0,0,0,0,0.132217129,0,0.190153637,SANTA CATALINA,32.4321,-110.7354,2002,885.8543701,2014,1996,2014,12,74.91145325,-61.71875,-35.29165649,-24.07811737,0.193420583,0.275492766,United States,SANTA CATALINA,Santa Catalina,B,10,2014,0.642221558,0.306318287,MCF,Mixed conifer forest,SC_B_10,2002,1,1,1,12,34363.6976,595.963335,NA,NA,NA,NA,3,0.133641032,0.207198031,0.275029709,Mixed conifer forest
Santa Catalina_B_11_2015,2014,6,23.69541847,28.9531746,27.21616162,19.64231602,0.357142857,0,0.121897547,0.170382395,0.259018759,0.126262626,0.076659452,0,0.245779221,0,0,0.011904762,0.027056277,0.203643579,0.042207792,0,0,0.035714286,0.146428571,0.307431457,0,0.103715729,0,0.121897547,0,0,0,0,0.111111111,0,0.22012987,SANTA CATALINA,32.4318,-110.7373,2002,854.7236328,2015,1996,2015,13,63.20831299,-145.75,-50.54167175,-30.31249237,0.455633121,0.552442762,United States,SANTA CATALINA,Santa Catalina,B,11,2015,0.642221558,0.306318287,MCF,Mixed conifer forest,SC_B_11,2002,1,1,1,13,35728.88843,696.7649952,NA,NA,NA,NA,3,0.103715729,0.245779221,0.203643579,Mixed conifer forest
Santa Catalina_B_12_2015,2014,6,27.62327025,33.74390771,24.61272639,13.14292074,0.790598291,0.025641026,0.086004274,0.064407814,0.35299654,0.208854803,0.05920584,0,0.202889703,0,0,0.025641026,0.079543142,0.282534595,0.022079772,0,0,0.023148148,0.166921042,0.14164886,0,0.220021876,0,0.038461538,0,0,0,0,0.129896724,0,0.048789174,SANTA CATALINA,32.4314,-110.7396,2002,473.7330017,2015,1996,2015,13,18.90103912,-86.58332825,-44.11456299,-26.52603149,0.402607195,0.56934784,United States,SANTA CATALINA,Santa Catalina,B,12,2015,0.642221558,0.306318287,UDF&W,Upland deciduous forest & woodland,SC_B_12,2002,1,1,1,13,21393.78397,443.1404396,NA,NA,NA,NA,3,0.220021876,0.202889703,0.282534595,Upland deciduous forest & woodland
Santa Catalina_C_1_2014,2014,4,24.59442641,37.96834416,27.30546537,8.414502165,1.696428571,0,0.05952381,0.017857143,0.438852814,0.353896104,0,0,0.12987013,0,0,0,0.114989177,0.377705628,0.017857143,0,0,0.13771645,0.076298701,0.017857143,0,0.236742424,0,0.020833333,0,0,0,0,0.251893939,0,0.017857143,SANTA CATALINA,32.4246,-110.7421,2003,-9999,2014,1996,2014,11,18.44791412,26.44792175,25.87498474,14.51041412,0.071617058,1.492187031,United States,SANTA CATALINA,Santa Catalina,C,1,2014,0.709534569,0.254469729,MCF,Mixed conifer forest,SC_C_1,2003,1,1,1,11,12738.60618,-37.1813939,NA,NA,NA,NA,3,0.236742424,0.12987013,0.377705628,Mixed conifer forest
Santa Catalina_C_3_2014,2014,4,37.37337662,37.78896104,16.70779221,6.571428571,1.5,0,0.05,0.094155844,0.240909091,0.556493506,0.058441558,0,0,0,0,0.085714286,0.047727273,0.406493506,0,0,0,0.143181818,0,0,0,0.316883117,0,0,0,0,0,0,0.21461039,0,0.05,SANTA CATALINA,32.4209,-110.7417,2003,576.9743652,2014,1996,2014,11,45.95832062,-17.23957825,-0.375,5.177093506,0.266853464,0.354705966,United States,SANTA CATALINA,Santa Catalina,C,3,2014,0.709534569,0.254469729,MCF,Mixed conifer forest,SC_C_3,2003,1,1,1,11,23284.54444,298.675973,23235.54778,238.5729763,NA,NA,3,0.316883117,0.01,0.406493506,Mixed conifer forest
Santa Catalina_C_4_2014,2014,4,28.84615385,52.40384615,11.21153846,6.326923077,1.153846154,0,0,0.076923077,0.115384615,0.573076923,0.119230769,0,0.115384615,0,0,0,0,0.461538462,0,0,0,0.096153846,0.057692308,0.057692308,0,0.326923077,0,0,0,0,0,0,0.323076923,0,0.038461538,SANTA CATALINA,32.4217,-110.7432,2003,614.9597168,2014,1996,2014,11,62.69270325,-75.10415649,-68.10415649,-65.61457825,0.050799416,0.068866433,United States,SANTA CATALINA,Santa Catalina,C,4,2014,0.709534569,0.254469729,MCF,Mixed conifer forest,SC_C_4,2003,1,1,1,11,40118.7613,462.5795572,50775.61579,388.5121759,NA,NA,4,0.326923077,0.115384615,0.461538462,Mixed conifer forest
Santa Catalina_C_5_2014,2014,4,21.61616162,37.00081169,35.04464286,4.974747475,1.363636364,0,0.107954545,0,0.335948773,0.203688672,0.053977273,0,0.298430736,0,0,0,0.091269841,0.437635281,0,0,0,0.108946609,0.234938672,0.022727273,0,0.104482323,0,0,0,0,0,0,0.213203463,0,0,SANTA CATALINA,32.4231,-110.7466,2003,377.9629822,2014,1996,2014,11,5.322898865,-17.52082825,1.677093506,-0.156257629,0.840402341,0.760146124,United States,SANTA CATALINA,Santa Catalina,C,5,2014,0.709534569,0.254469729,MCF,Mixed conifer forest,SC_C_5,2003,1,1,1,11,45959.17595,126.5412851,43864.56366,141.2093246,NA,NA,4,0.104482323,0.298430736,0.437635281,Mixed conifer forest
Santa Catalina_C_6_2014,2014,4,17.44444444,48.11818182,23.95656566,10.44141414,0,0,0.078787879,0.083838384,0.241919192,0.196464646,0.106565657,0,0.292424242,0,0,0.044444444,0,0.426262626,0.106565657,0,0,0.045454545,0.185858586,0.039393939,0,0.152020202,0,0,0,0,0,0,0.202525253,0,0.061111111,SANTA CATALINA,32.4244,-110.7483,2003,413.8196716,2014,1996,2014,11,23.08332825,-48.34373474,-23.78125,-19.77083588,0.343882049,0.400029032,United States,SANTA CATALINA,Santa Catalina,C,6,2014,0.709534569,0.254469729,MCF,Mixed conifer forest,SC_C_6,2003,1,1,1,11,24925.52997,316.0378625,28603.59112,357.434298,NA,NA,3,0.152020202,0.292424242,0.426262626,Mixed conifer forest
Santa Catalina_C_7_2014,2014,4,28.59375,38.90224359,27.96474359,3.445512821,1.09375,0.020833333,0.102564103,0.015625,0.417467949,0.248798077,0.078125,0,0.116586538,0,0,0.0625,0.097355769,0.398237179,0,0,0,0.147836538,0.095753205,0.040064103,0,0.158253205,0,0,0,0,0,0,0.137419872,0,0.0625,SANTA CATALINA,32.4263,-110.7461,2003,-9999,2014,1996,2014,11,22.63541412,8.729156494,13.35417175,12.609375,0.332585184,0.279026796,United States,SANTA CATALINA,Santa Catalina,C,7,2014,0.709534569,0.254469729,PF,Pine forest,SC_C_7,2003,1,1,1,11,5664.964083,212.5302598,12402.28028,98.39101595,NA,NA,5,0.158253205,0.116586538,0.398237179,Pine forest
Santa Catalina_C_8_2014,2014,4,21.8474359,38.33621795,26.80096154,11.38621795,1.541666667,0.045833333,0.091666667,0.171794872,0.18525641,0.228525641,0.085897436,0,0.191025641,0,0,0.110897436,0.065064103,0.321153846,0.059294872,0,0,0.085897436,0.085897436,0.041666667,0,0.163461538,0,0.066666667,0,0,0,0,0.170192308,0,0.060897436,SANTA CATALINA,32.4281,-110.7498,2003,580.7012939,2014,1996,2014,11,27.76563263,-84.79165649,-61.375,-60.11458588,0.208042115,0.219240094,United States,SANTA CATALINA,Santa Catalina,C,8,2014,0.709534569,0.254469729,PF,Pine forest,SC_C_8,2003,1,1,1,11,16512.66969,410.8851649,16549.85179,395.5667218,NA,NA,3,0.163461538,0.191025641,0.321153846,Pine forest
Santa Catalina_C_9_2014,2014,4,27.18114973,38.92731729,26.07571301,7.673975045,0,0,0.139884135,0.064393939,0.275356506,0.225044563,0.124554367,0,0.170766488,0,0,0,0.087121212,0.268226381,0.056372549,0,0,0,0.137433155,0.173529412,0,0.198217469,0,0.079099822,0,0,0,0,0.114572193,0,0.033333333,SANTA CATALINA,32.4287,-110.751,2003,449.9775696,2014,1996,2014,11,14.23439026,-54.64581299,-22.1875,-14.60415649,0.471228473,0.581323147,United States,SANTA CATALINA,Santa Catalina,C,9,2014,0.708377494,0.25028232500000003,MCF,Mixed conifer forest,SC_C_9,2003,1,1,1,11,20757.80808,397.0375203,20582.36083,411.0694738,NA,NA,3,0.198217469,0.170766488,0.268226381,Mixed conifer forest
Santa Catalina_C_10_2014,2014,4,15.48106061,34.73143939,34.62537879,11.76174242,3.306818182,0.020833333,0.116287879,0.093560606,0.424242424,0.228787879,0.093560606,0,0.022727273,0,0,0,0.141287879,0.411742424,0.045833333,0,0,0.095454545,0.022727273,0.166666667,0,0.093560606,0,0.022727273,0,0,0,0.020833333,0.135227273,0,0,SANTA CATALINA,32.4298,-110.7528,2003,333.2188416,2014,1996,2014,11,5.942718506,-35.41667175,-34.22917175,-46.20311737,0.028711739,-0.260797984,United States,SANTA CATALINA,Santa Catalina,C,10,2014,0.708377494,0.25028232500000003,MCF,Mixed conifer forest,SC_C_10,2003,1,1,1,11,25485.54855,210.7036584,19771.28582,180.1224263,NA,NA,3,0.093560606,0.022727273,0.411742424,Mixed conifer forest
Santa Catalina_C_11_2014,2014,4,24.20299145,24.95512821,33.21153846,16.6025641,1.027777778,0.027777778,0.019230769,0.176709402,0.350641026,0.298717949,0.063461538,0,0.063461538,0,0,0.151709402,0.148931624,0.207478632,0.052777778,0,0,0.069230769,0.038461538,0.110470085,0,0.220940171,0,0,0,0,0,0,0.124786325,0,0.088461538,SANTA CATALINA,32.4316,-110.7508,2003,201.577301,2014,1996,2014,11,6.359367371,-41.3125,-40.15626526,-42.27603149,0.024254027,-0.020211742,United States,SANTA CATALINA,Santa Catalina,C,11,2014,0.708377494,0.25028232500000003,PF,Pine forest,SC_C_11,2003,1,1,1,11,NA,164.9908256,11076.97037,182.028459,12411.39665,149.760897,6,0.220940171,0.063461538,0.207478632,Pine forest
Santa Catalina_C_12_2014,2014,4,29.55357143,47.98660714,15.39732143,7.026785714,0,0,0,0.051339286,0.183035714,0.511160714,0.140625,0,0.113839286,0,0,0,0,0.464285714,0.051339286,0,0,0,0.0625,0.131696429,0,0.290178571,0,0,0,0,0,0,0.220982143,0,0.066964286,SANTA CATALINA,32.4306,-110.7484,2003,658.5515747,2014,1996,2014,11,46.09895325,-61.20832825,-59.29165649,-58.98436737,0.017861526,0.020725163,United States,SANTA CATALINA,Santa Catalina,C,12,2014,0.704335571,0.256240913,MCF,Mixed conifer forest,SC_C_12,2003,1,1,1,11,NA,47.17979775,18621.91258,397.5807121,22423.58905,381.1891052,6,0.290178571,0.113839286,0.464285714,Mixed conifer forest
Santa Catalina_E_1_2014,2014,4,35.4375,33.3875,21.825,8.575,0.75,0,0.052083333,0.095833333,0.397916667,0.316666667,0.025,0.05625,0.05625,0,0,0,0.05625,0.429166667,0,0,0,0.147916667,0.05625,0.095833333,0,0.214583333,0,0,0,0,0,0,0.16875,0,0.045833333,SANTA CATALINA,32.4512,-110.745,2002,241.7784424,2014,1996,2014,12,54.59375,-19.5625,37.52084351,35.26042938,0.769771172,0.739289397,United States,SANTA CATALINA,Santa Catalina,E,1,2014,0.668922527,0.275546906,PF,Pine forest,SC_E_1,2002,1,1,1,12,3532.398413,149.1866948,NA,NA,NA,NA,1,0.214583333,0.05625,0.429166667,Pine forest
Santa Catalina_E_4_2014,2014,4,33.48863636,30.07954545,21.07386364,13.69318182,1.619318182,0,0.090909091,0.09375,0.306818182,0.238636364,0.0625,0,0.207386364,0,0,0,0,0.0625,0.099431818,0.113636364,0,0.053977273,0.176136364,0.363636364,0,0.085227273,0,0.045454545,0,0,0.022727273,0,0.207386364,0,0.125,SANTA CATALINA,32.4536,-110.7384,2002,251.9768372,2014,1996,2014,12,26.60416412,-47.36459351,1.447906494,1.505210876,0.659906987,0.660681698,United States,SANTA CATALINA,Santa Catalina,E,4,2014,0.588452036,0.34581333,OW,Oak woodland,SC_E_4,2002,1,1,1,12,6103.79703,176.3461816,NA,NA,NA,NA,1,0.085227273,0.207386364,0.0625,Oak woodland
Santa Catalina_E_5_2014,2014,4,28.64125874,23.53094406,29.26171329,17.6798951,0.75,0,0.178146853,0.116958042,0.292832168,0.114685315,0,0,0.297377622,0,0,0,0.019230769,0.047727273,0.116958042,0.066958042,0.066958042,0.025,0.161188811,0.317832168,0.019230769,0.047727273,0,0.111188811,0,0,0,0.066958042,0.133916084,0,0.183916084,SANTA CATALINA,32.4544,-110.7363,2002,381.5128479,2014,1996,2014,12,47.25521088,-61.69792175,1.15625,11.73957825,0.576891827,0.674028348,United States,SANTA CATALINA,Santa Catalina,E,5,2014,0.588452036,0.34581333,OW,Oak woodland,SC_E_5,2002,1,1,1,12,15720.88592,248.5509738,NA,NA,NA,NA,3,0.047727273,0.297377622,0.047727273,Oak woodland
Santa Catalina_E_6_2015,2014,4,30.36631944,30.64756944,25.76215278,11.82986111,1.302083333,0,0.205208333,0.073958333,0.231597222,0.210069444,0,0,0.279166667,0,0,0,0,0,0.134027778,0.085416667,0.048958333,0.060069444,0.145138889,0.393402778,0.032291667,0.036458333,0,0.064236111,0,0,0,0.048958333,0.251736111,0,0.154861111,SANTA CATALINA,32.4553,-110.7346,2002,296.4821472,2015,1996,2015,13,16.32811737,-69.52082825,-24.67709351,-21.96875763,0.522356267,0.553903956,United States,SANTA CATALINA,Santa Catalina,E,6,2015,0.588452036,0.34581333,OW,Oak woodland,SC_E_6,2002,1,1,1,13,4325.803955,187.8353091,NA,NA,NA,NA,1,0.036458333,0.279166667,0.01,Oak woodland
Santa Catalina_E_7_2014,2014,4,24.7152972,46.13688811,19.67491259,9.377447552,0,0,0.112412587,0.075480769,0.222858392,0.323601399,0,0,0.265646853,0,0,0,0,0.252666084,0.128146853,0.041958042,0,0,0.198688811,0.283085664,0,0.025,0,0.070454545,0,0,0.041958042,0,0.323601399,0,0.117438811,SANTA CATALINA,32.4535,-110.7331,2002,353.9281006,2014,1996,2014,12,51.47917175,-53.90626526,3.010421753,11.1875,0.54008114,0.617673249,United States,SANTA CATALINA,Santa Catalina,E,7,2014,0.588452036,0.34581333,OW,Oak woodland,SC_E_7,2002,1,1,1,12,7427.525308,205.6010015,NA,NA,NA,NA,1,0.025,0.265646853,0.252666084,Oak woodland
Santa Catalina_E_8_2014,2014,4,27.20505051,35.94229798,24.03699495,12.39886364,0.208333333,0.020833333,0.183459596,0.149116162,0.13989899,0.162626263,0.052777778,0,0.291287879,0,0,0,0,0.174116162,0.094444444,0,0.022727273,0.073611111,0.16489899,0.25479798,0.052777778,0.022727273,0,0.13989899,0,0,0.020833333,0.022727273,0.169949495,0,0.149116162,SANTA CATALINA,32.4528,-110.7351,2002,399.2568665,2014,1996,2014,12,0.682281494,-97.54167175,-37.94792175,-29.53124237,0.606713007,0.692401671,United States,SANTA CATALINA,Santa Catalina,E,8,2014,0.588452036,0.34581333,OW,Oak woodland,SC_E_8,2002,1,1,1,12,11542.6622,289.0773859,NA,NA,NA,NA,3,0.022727273,0.291287879,0.174116162,Oak woodland
Santa Catalina_E_9_2014,2014,4,21.71376263,34.97487374,30.2905303,12.64621212,0.208333333,0.020833333,0.144065657,0.144065657,0.243181818,0.068560606,0.047727273,0,0.331565657,0,0,0,0,0.164015152,0.094444444,0.050505051,0,0.119949495,0.068560606,0.290909091,0.069444444,0.048611111,0,0.093560606,0,0,0,0,0.308459596,0,0.144949495,SANTA CATALINA,32.4517,-110.7368,2002,427.2173767,2014,1996,2014,12,-35.71353912,-118.9166565,-57.38542175,-57.33333588,0.739530401,0.74015641,United States,SANTA CATALINA,Santa Catalina,E,9,2014,0.598407274,0.335241426,OW,Oak woodland,SC_E_9,2002,1,1,1,12,20321.08392,328.7960879,NA,NA,NA,NA,3,0.048611111,0.331565657,0.164015152,Oak woodland
Santa Catalina_E_10_2014,2014,4,17.38311688,37.57792208,27.93831169,16.80519481,0.178571429,0.017857143,0.058441558,0.166883117,0.265909091,0.188311688,0.065584416,0,0.237012987,0,0,0,0,0.258766234,0.144155844,0,0,0.040584416,0.042857143,0.326623377,0.05,0.078571429,0,0.058441558,0,0,0,0,0.202597403,0,0.23474026,SANTA CATALINA,32.4513,-110.7385,2002,132.7771301,2014,1996,2014,12,11.56249237,-19.85417175,5.218734741,-3.760414124,0.798076664,0.512268189,United States,SANTA CATALINA,Santa Catalina,E,10,2014,0.598407274,0.335241426,POW,Pine oak woodland,SC_E_10,2002,1,1,1,12,9354.690658,185.3005946,NA,NA,NA,NA,1,0.078571429,0.237012987,0.258766234,Pine oak woodland
Santa Catalina_E_11_2014,2014,4,24.7694673,40.88063554,24.57170917,8.413924311,1.223776224,0.064685315,0.1972645,0.125781571,0.180285891,0.140600576,0.054411765,0,0.236970383,0,0,0,0,0.21424311,0.146349239,0,0,0.075894694,0.155306458,0.29938297,0,0.054411765,0,0.054411765,0,0,0,0,0.128146853,0,0.087433155,SANTA CATALINA,32.4503,-110.7406,2002,266.9593201,2014,1996,2014,12,35.14583588,-11.67707825,30.41668701,17.49999237,0.898999262,0.623136581,United States,SANTA CATALINA,Santa Catalina,E,11,2014,0.598407274,0.335241426,PF,Pine forest,SC_E_11,2002,1,1,1,12,4050.344253,173.0570306,NA,NA,NA,NA,1,0.054411765,0.236970383,0.21424311,Pine forest
Santa Catalina_E_12_2014,2014,4,22.39393939,39.89356061,26.35189394,9.920075758,1.363636364,0.113636364,0.114393939,0.143181818,0.199242424,0.211363636,0.060227273,0,0.157954545,0,0,0.022727273,0.016666667,0.412878788,0.128409091,0,0,0.016666667,0.099621212,0.182575758,0,0.120454545,0,0,0,0,0,0,0.15719697,0,0.120454545,SANTA CATALINA,32.4494,-110.7431,2002,185.2434387,2014,1996,2014,12,44.53125,-0.218765259,21.60415649,21.21353912,0.48766289,0.478934013,United States,SANTA CATALINA,Santa Catalina,E,12,2014,0.668922527,0.275546906,PF,Pine forest,SC_E_12,2002,1,2,2,12,1378.112634,138.3987069,NA,NA,NA,NA,2,0.120454545,0.157954545,0.412878788,Pine forest
Santa Rita_A_1_2014,2014,4,18.14488636,34.11647727,34.91193182,11.71022727,0.9375,0,0.357954545,0.045454545,0.332386364,0.116477273,0,0,0.147727273,0,0,0,0,0.286931818,0.139204545,0,0,0.03125,0.116477273,0.309659091,0,0.0625,0,0.053977273,0,0,0,0,0.085227273,0,0.03125,SANTA RITA,31.7128,-110.8273,2005,504.9617004,2014,1996,2014,9,41.42707825,-40.77082825,-3.541656494,12.29167175,0.452921167,0.645545638,United States,SANTA RITA,Santa Rita,A,1,2014,0.568164863,0.246658637,POW,Pine oak woodland,SR_A_1,2005,1,1,1,9,16504.04072,328.5811249,NA,NA,NA,NA,3,0.0625,0.147727273,0.286931818,Pine oak woodland
Santa Rita_A_2_2014,2014,4,32.8125,36.38392857,19.91071429,9.955357143,0.9375,0,0,0.066964286,0.5,0.066964286,0,0,0.366071429,0,0,0,0,0,0.098214286,0,0,0.03125,0.334821429,0.535714286,0,0,0,0,0,0,0,0,0.133928571,0,0.03125,SANTA RITA,31.7111,-110.8276,2005,428.7475891,2014,1996,2014,9,12.65104675,-68.125,-30.3125,-10.86978149,0.468115258,0.708814318,United States,SANTA RITA,Santa Rita,A,2,2014,0.568206359,0.245055869,POW,Pine oak woodland,SR_A_2,2005,1,1,1,9,5762.848277,288.0829464,NA,NA,NA,NA,1,0.01,0.366071429,0.01,Pine oak woodland
Santa Rita_A_3_2014,2014,4,26.25,25.73958333,26.57291667,19.40625,2,0,0,0.164583333,0.49375,0.097916667,0,0.025,0.21875,0,0,0,0,0.03125,0,0,0,0.066666667,0.19375,0.708333333,0,0,0,0,0,0,0,0,0.097916667,0,0.116666667,SANTA RITA,31.7097,-110.8278,2005,280.1130981,2014,1996,2014,9,3.458335876,-66.41665649,-41.58332825,-25.61458588,0.355396507,0.583929518,United States,SANTA RITA,Santa Rita,A,3,2014,0.568206359,0.245055869,OW,Oak woodland,SR_A_3,2005,1,1,1,9,7574.504715,290.6300614,NA,NA,NA,NA,1,0.01,0.21875,0.03125,Oak woodland
Santa Rita_A_4_2014,2014,4,45.92857143,32.20238095,12.94047619,8.928571429,0,0,0,0,0.311904762,0.326190476,0,0,0.361904762,0,0,0,0,0,0,0,0,0,0.276190476,0.602380952,0.085714286,0.035714286,0,0,0,0,0,0,0.411904762,0,0,SANTA RITA,31.7088,-110.8279,2005,342.1484375,2014,1996,2014,9,9.244789124,-45.70832825,-24.125,-11.34895325,0.392758942,0.625248878,United States,SANTA RITA,Santa Rita,A,4,2014,0.568206359,0.245055869,OW,Oak woodland,SR_A_4,2005,1,1,1,9,7655.30614,285.3886542,NA,NA,NA,NA,1,0.035714286,0.361904762,0.01,Oak woodland
Santa Rita_A_5_2014,2014,4,35.39880952,37.6577381,18.69345238,8.214285714,0,0,0.183928571,0.041666667,0.292261905,0.189880952,0,0,0.292261905,0,0,0,0,0,0.05625,0.148214286,0.077380952,0.035714286,0.256547619,0.312797619,0,0.077380952,0,0.035714286,0,0,0,0.077380952,0.260714286,0,0,SANTA RITA,31.7069,-110.828,2005,526.3578491,2014,1996,2014,9,14.05208588,-111.0729218,-43.22915649,-31.94791412,0.542207881,0.632367655,United States,SANTA RITA,Santa Rita,A,5,2014,0.568206359,0.245055869,OW,Oak woodland,SR_A_5,2005,1,1,1,9,5866.564772,378.3484707,NA,NA,NA,NA,1,0.077380952,0.292261905,0.01,Oak woodland
Santa Rita_A_6_2014,2014,4,36.1875,28.3125,18.66666667,15.83333333,1,0,0,0.025,0.485416667,0.05625,0.025,0,0.408333333,0,0,0,0,0.025,0.066666667,0,0,0.025,0.320833333,0.40625,0.0625,0.09375,0,0,0,0,0,0,0.14375,0,0.025,SANTA RITA,31.7049,-110.8284,2005,476.8493958,2014,1996,2014,9,50.20834351,-47.04168701,-14.36457825,3.281242371,0.336011296,0.517459266,United States,SANTA RITA,Santa Rita,A,6,2014,0.568206359,0.245055869,POW,Pine oak woodland,SR_A_6,2005,1,1,1,9,7304.187601,363.1996645,NA,NA,NA,NA,1,0.09375,0.408333333,0.025,Pine oak woodland
Santa Rita_A_7_2014,2014,4,56.42857143,28.52678571,11.69642857,3.348214286,0,0,0.066964286,0,0.196428571,0.212797619,0,0.03125,0.492559524,0,0,0,0,0.119047619,0.165178571,0,0,0,0.456845238,0.258928571,0,0,0,0,0,0,0.0625,0,0.181547619,0,0.035714286,SANTA RITA,31.7047,-110.8269,2005,394.7226257,2014,1996,2014,9,8.255210876,-95.68751526,-47.0625,-22.02603149,0.467805849,0.708673772,United States,SANTA RITA,Santa Rita,A,7,2014,0.568206359,0.245055869,PJ,Pinyon juniper woodland,SR_A_7,2005,1,1,1,9,7984.614677,321.6766245,NA,NA,NA,NA,1,0.01,0.492559524,0.119047619,Pinyon juniper woodland
Santa Rita_A_8_2014,2014,4,33.21875,30.91666667,21.02083333,12.90625,1.875,0,0.177083333,0,0.385416667,0.177083333,0,0,0.260416667,0,0,0,0,0.083333333,0.0625,0.03125,0.09375,0.0625,0.260416667,0.291666667,0,0.083333333,0,0.03125,0,0,0,0.09375,0.114583333,0,0,SANTA RITA,31.706,-110.8264,2005,510.249054,2014,1996,2014,9,10.14582825,-102.8020935,-48.88542175,-21.734375,0.477358688,0.717744224,United States,SANTA RITA,Santa Rita,A,8,2014,0.568206359,0.245055869,MCF,Mixed conifer forest,SR_A_8,2005,1,1,1,9,13429.65065,375.1916859,NA,NA,NA,NA,3,0.083333333,0.260416667,0.083333333,Mixed conifer forest
Santa Rita_A_9_2014,2014,4,30.45680014,32.71690115,26.52281746,9.941378066,0.277777778,0.027777778,0.207160895,0.071338384,0.348935786,0.135732323,0,0.043560606,0.165494228,0,0,0,0,0.079274892,0.16765873,0.020833333,0,0,0.102002165,0.48241342,0.035714286,0.027777778,0,0.084325397,0,0,0,0,0.208062771,0,0.055555556,SANTA RITA,31.7075,-110.8259,2005,486.5874939,2014,1996,2014,9,19.58853912,-80.80207825,-43.48957825,-25.15624237,0.37167318,0.554293193,United States,SANTA RITA,Santa Rita,A,9,2014,0.517140326,0.310376464,PJ,Pinyon juniper woodland,SR_A_9,2005,1,1,1,9,10768.63623,358.6186901,NA,NA,NA,NA,1,0.027777778,0.165494228,0.079274892,Pinyon juniper woodland
Santa Rita_A_10_2014,2014,4,38.40770202,28.57941919,17.7334596,13.21969697,1.963383838,0.050505051,0.096338384,0.101010101,0.261237374,0.185732323,0.045833333,0,0.259343434,0,0,0,0,0.043560606,0.096338384,0.045833333,0,0.048611111,0.259343434,0.416919192,0,0.043560606,0,0.045833333,0,0,0,0,0.142171717,0,0.146843434,SANTA RITA,31.7097,-110.8253,2005,538.2816162,2014,1996,2014,9,21.82291412,-61.21875,-18.37501526,-1.177085876,0.51593059,0.723030599,United States,SANTA RITA,Santa Rita,A,10,2014,0.517140326,0.310376464,OW,Oak woodland,SR_A_10,2005,1,1,1,9,14636.48827,345.9942129,NA,NA,NA,NA,3,0.043560606,0.259343434,0.043560606,Oak woodland
Santa Rita_A_11_2014,2014,4,27.70716783,28.8715035,27.62325175,15.25874126,0.25,0.025,0.253146853,0.08041958,0.38479021,0.089685315,0,0,0.166958042,0,0,0,0,0.168881119,0.112412587,0,0,0,0.144230769,0.195104895,0,0.170454545,0,0.208916084,0,0,0,0,0.066958042,0,0.022727273,SANTA RITA,31.7115,-110.8252,2005,505.9699097,2014,1996,2014,9,86.43749237,3.302078247,24.44790649,38.09896088,0.254354038,0.418556676,United States,SANTA RITA,Santa Rita,A,11,2014,0.517140326,0.310376464,OW,Oak woodland,SR_A_11,2005,1,1,1,9,15200.14234,310.5205117,NA,NA,NA,NA,3,0.170454545,0.166958042,0.168881119,Oak woodland
Santa Rita_A_12_2014,2014,4,20.03371212,20.64356061,36.75340909,21.26515152,1.181818182,0,0.404166667,0.020833333,0.319318182,0.114393939,0,0,0.141287879,0,0,0,0,0.228030303,0,0.022727273,0,0.039393939,0.141287879,0.310984848,0,0.180681818,0,0.076893939,0,0,0,0,0.078787879,0,0.109848485,SANTA RITA,31.713,-110.8249,2005,430.4932251,2014,1996,2014,9,73.453125,-5.395843506,24.46873474,34.96875,0.37875674,0.511922911,United States,SANTA RITA,Santa Rita,A,12,2014,0.521073733,0.306771243,OW,Oak woodland,SR_A_12,2005,1,1,1,9,21004.84952,289.9166659,NA,NA,NA,NA,3,0.180681818,0.141287879,0.228030303,Oak woodland
Santa Rita_C_1_2014,2014,5,36.6175,36.76666667,22.34166667,4.1325,0,0,0.275833333,0.04,0.145833333,0.346666667,0,0,0.191666667,0,0,0,0,0.02,0.09,0.183333333,0,0,0.069166667,0.475,0.11,0,0,0.0525,0,0,0.053333333,0,0.590833333,0,0,SANTA RITA,31.7607,-110.7731,2011,111.4700317,2014,1996,2014,3,1.114585876,-12,-2.291656494,1.437484741,0.740270688,1.024621354,United States,SANTA RITA,Santa Rita,C,1,2014,0.440460739,0.411887584,OW,Oak woodland,SR_C_1,2011,1,2,2,3,2514.48255,31.55102928,NA,NA,NA,NA,2,0.01,0.191666667,0.02,Oak woodland
Santa Rita_C_11_2014,2014,6,42.4375,26.76296296,25.79537037,4.723611111,0.166666667,0.016666667,0.269907407,0.016666667,0.250925926,0.327314815,0,0.051851852,0.066666667,0,0,0,0,0,0.126851852,0.085185185,0.055555556,0,0.016666667,0.610185185,0.05,0,0,0.055555556,0,0,0.089351852,0.055555556,0.389814815,0,0,SANTA RITA,31.7611,-110.7771,2011,106.8979645,2014,1996,2014,3,-19.28645325,-78.57292175,-34.63540649,-33.67707825,0.741105287,0.757269654,United States,SANTA RITA,Santa Rita,C,11,2014,0.440460739,0.411887584,OW,Oak woodland,SR_C_11,2011,1,1,1,3,1023.366593,55.67875037,NA,NA,NA,NA,2,0.01,0.066666667,0.01,Oak woodland
Santa Rita_D_4_2014,2014,6,13.95454545,35.12651515,33.60883838,16.69469697,0.454545455,0,0.160858586,0.027777778,0.510353535,0.041666667,0.083333333,0,0.176010101,0,0,0,0.041666667,0.083333333,0.241161616,0,0,0.015151515,0.029040404,0.457828283,0.061111111,0.070707071,0,0,0,0,0.041666667,0,0.061111111,0,0.085858586,SANTA RITA,31.7072,-110.8648,2005,59.80669785,2014,1996,2014,9,35.33854675,7.864593506,20.98959351,32.05207825,0.477725207,0.880378755,United States,SANTA RITA,Santa Rita,D,4,2014,0.545579876,0.297620648,OW,Oak woodland,SR_D_4,2005,1,2,2,9,8818.781363,49.88398373,NA,NA,NA,NA,1,0.070707071,0.176010101,0.083333333,Oak woodland
Santa Rita_D_5_2014,2014,6,27.44050612,28.99039718,26.4324116,15.26013072,1.688453159,0,0.188101223,0.099497235,0.370529579,0.159661471,0.056100218,0,0.126110273,0,0,0,0.065761689,0.252438411,0,0,0.027777778,0.071317245,0.103888051,0.292709904,0,0.053963466,0,0.132143456,0,0,0,0.027777778,0.067068879,0,0.022222222,SANTA RITA,31.7064,-110.8626,2005,328.3153687,2014,1996,2014,9,40.13021088,-32.76040649,-2.041671753,15.25,0.421436062,0.658663738,United States,SANTA RITA,Santa Rita,D,5,2014,0.592055032,0.234170622,OW,Oak woodland,SR_D_5,2005,1,1,1,9,5899.964291,159.5250737,NA,NA,NA,NA,1,0.053963466,0.126110273,0.252438411,Oak woodland
Santa Rita_D_6_2014,2014,6,21.20183793,30.53127959,30.09094263,16.49736146,1.453634085,0,0.221372877,0.190949596,0.322646895,0.15410052900000001,0,0,0.110930103,0,0,0,0.036549708,0.279003063,0.009259259,0,0,0.100744918,0.084078251,0.299763297,0,0.068253968,0,0.122347536,0,0,0,0,0.111772487,0,0.037037037,SANTA RITA,31.706,-110.8603,2005,219.5599976,2014,1996,2014,9,53.5,24.875,28.91665649,28.96353149,0.14119324,0.142830795,United States,SANTA RITA,Santa Rita,D,6,2014,0.592055032,0.234170622,OW,Oak woodland,SR_D_6,2005,1,1,1,9,2991.9388,114.6413183,NA,NA,NA,NA,1,0.068253968,0.110930103,0.279003063,Oak woodland
Santa Rita_D_7_2014,2014,6,56.1031746,26.45634921,13.91666667,3.496031746,0,0,0.033333333,0.027777778,0.16031746,0.586507937,0,0,0.192063492,0,0,0,0,0.234920635,0.126984127,0,0,0,0.088888889,0.126984127,0,0.422222222,0,0,0,0,0.051587302,0,0.112698413,0,0.103174603,SANTA RITA,31.7042,-110.861,2005,290.7161255,2014,1996,2014,9,34.52084351,-29.28126526,-13.80207825,-3.588539124,0.242612467,0.402693996,United States,SANTA RITA,Santa Rita,D,7,2014,0.592055032,0.234170622,OW,Oak woodland,SR_D_7,2005,1,1,1,9,12619.72197,171.8488269,NA,NA,NA,NA,3,0.422222222,0.192063492,0.234920635,Oak woodland
Santa Rita_D_8_2014,2014,6,38.73809524,29.77619048,17.72857143,12.94285714,0.714285714,0,0.114285714,0.033333333,0.278571429,0.15,0,0,0.423809524,0,0,0,0,0.073809524,0.05,0.016666667,0,0.023809524,0.29047619,0.328571429,0.083333333,0.133333333,0,0,0,0,0,0,0.1,0,0.073809524,SANTA RITA,31.7048,-110.863,2005,209.5530548,2014,1996,2014,9,55.73439026,5.385406494,17.26040649,25.96353149,0.235853817,0.408709838,United States,SANTA RITA,Santa Rita,D,8,2014,0.545579876,0.297620648,OW,Oak woodland,SR_D_8,2005,1,1,1,9,3525.760333,134.1535781,NA,NA,NA,NA,1,0.133333333,0.423809524,0.073809524,Oak woodland
Santa Rita_D_9_2014,2014,6,19.72180736,31.46082251,29.24040404,17.715386,1.714285714,0,0.147294372,0.063762626,0.536544012,0.108207071,0,0,0.144191919,0,0,0,0.023809524,0.042929293,0.104112554,0,0,0.057142857,0.080429293,0.493217893,0.048611111,0.112247475,0,0.0375,0,0,0,0,0.156818182,0,0.015151515,SANTA RITA,31.7049,-110.865,2005,142.8877716,2014,1996,2014,9,53.14583588,33.48959351,38.70834351,42.29167175,0.265500898,0.447800657,United States,SANTA RITA,Santa Rita,D,9,2014,0.545579876,0.297620648,OW,Oak woodland,SR_D_9,2005,1,1,1,9,8768.697968,75.66230051,NA,NA,NA,NA,1,0.112247475,0.144191919,0.042929293,Oak woodland
SMO-Huachinera_3_2_2012,2012,1,19,30,21,30,0,0,0.2,0.1,0.4,0.2,0,0,0.1,0,0,0,0,0.1,0,0,0,0,0.1,0.7,0,0.1,0,0,0,0,0,0,0.2,0,0.3,EL GATO,30.1333,-108.9106,2006,250.4181976,2012,NA,2012,6,10.22396851,-25.17709351,3.260437012,8.536468506,0.803295972,0.952331939,Mexico,EL GATO,SMO-Huachinera,3,2,2012,0.449290738,0.530495546,POW,Pine oak woodland,SMO-Huachinera_3_2,2006,1,2,2,6,2629.872791,189.5343599,NA,NA,NA,NA,2,0.1,0.1,0.1,Pine oak woodland
SMO-Huachinera_3_3_2012,2012,1,16,17.3,42.3,24.3,0,0,0.3,0.2,0.4,0.1,0,0,0,0,0,0,0,0.3,0,0,0,0,0,0.5,0,0.2,0,0,0,0,0,0,0.1,0,0.1,EL GATO,30.1334,-108.9086,2006,100.1484222,2012,NA,2012,6,95.09895325,81.27084351,86.79167175,90.79166412,0.399246777,0.688512081,Mexico,EL GATO,SMO-Huachinera,3,3,2012,0.449290738,0.530495546,OW,Oak woodland,SMO-Huachinera_3_3,2006,1,2,2,6,5735.514592,149.2063351,NA,NA,NA,NA,1,0.2,0.01,0.3,Oak woodland
SMO-Huachinera_3_5_2012,2012,1,26,48.6,18.6,6.6,0,0,0,0.2,0.4,0.2,0,0,0.2,0,0,0,0,0.2,0.4,0,0,0,0,0.4,0,0,0,0,0,0,0,0,0.2,0,0.2,EL GATO,30.1319,-108.9079,2006,268.7980652,2012,NA,2012,6,50.63020325,31.91665649,41.42709351,46.35936737,0.508211358,0.771778384,Mexico,EL GATO,SMO-Huachinera,3,5,2012,0.449290738,0.530495546,OW,Oak woodland,SMO-Huachinera_3_5,2006,1,1,1,6,5118.727549,196.0966626,NA,NA,NA,NA,1,0.01,0.2,0.2,Oak woodland
SMO-Huachinera_3_6_2012,2012,1,20,43.33333333,36.66666667,0,0,0,0,0,1,0,0,0,0,0,0,0,0,0,0,0,0,0,0,1,0,0,0,0,0,0,0,0,0,0,0,EL GATO,30.1305,-108.9067,2006,163.5743408,2012,NA,2012,6,4.770828247,-29.9375,-7.468765259,0.057273865,0.647358599,0.864195292,Mexico,EL GATO,SMO-Huachinera,3,6,2012,0.449290738,0.530495546,POW,Pine oak woodland,SMO-Huachinera_3_6,2006,1,1,1,6,3595.96513,165.1337511,NA,NA,NA,NA,1,0.01,0.01,0.01,Pine oak woodland
SMO-Huachinera_3_7_2012,2012,1,26.66666667,35,25,13.33333333,0,0,0,0,0.833333333,0,0,0.166666667,0,0,0,0,0,0,0.166666667,0,0,0,0,0.5,0,0.333333333,0,0,0,0,0.166666667,0,0,0,0,EL GATO,30.1286,-108.906,2006,247.421524,2012,NA,2012,6,10.90625,-52.43748474,-13.79168701,-7.479171753,0.610096608,0.709751535,Mexico,EL GATO,SMO-Huachinera,3,7,2012,0.449290738,0.530495546,POW,Pine oak woodland,SMO-Huachinera_3_7,2006,1,1,1,6,3596.542176,161.8145949,NA,NA,NA,NA,1,0.333333333,0.01,0.01,Pine oak woodland
Tigre_6_8_2010,2010,1,8.571428571,39,38.28571429,11.85714286,2.142857143,0,0.214285714,0.071428571,0.357142857,0.071428571,0.142857143,0,0.142857143,0,0,0,0,0.214285714,0.071428571,0,0,0,0.071428571,0.428571429,0,0.142857143,0,0.071428571,0,0,0,0,0.071428571,0,0.071428571,EL TIGRE,30.4971,-109.1329,2002,317.7367859,2010,NA,2010,8,3.218742371,-38.86457825,-10.0625,-5.885414124,0.684406027,0.783663543,Mexico,EL TIGRE,Tigre,6,8,2010,0.556160852,0.44579562,POW,Pine oak woodland,Tigre_6_8,2002,1,1,1,8,11984.69814,228.9584139,NA,NA,NA,NA,3,0.142857143,0.142857143,0.214285714,Pine oak woodland
